like Gecko) Chrome/145.0.0.0 Safari/537.36 Edg/145.0.0.0" group-title="Movies",24 Hour Free Movies (720p)|https://d1b5mlajbmvkjv.cloudfront.net/v1/master/9d062541f2ff39b5c0f48b743c6411d25f62fc25/UDU-DistroTV/145.m3u8?ads.vf=7FhdsxqVxOi|https://i.imgur.com/iSVnzR1.png
27 TwentySeven [Geo-blocked]|https://live2.msf.cdn.mediaset.net/content/hls_h0_cls_vos/live/channel(ts)/index.m3u8|https://upload.wikimedia.org/wikipedia/commons/thumb/2/26/Twentyseven_logo.svg/960px-Twentyseven_logo.svg.png
30A TV Classic Movies|https://30a-tv.com/feeds/pzaz/30atvmovies.m3u8|https://babaktv.com/wp-content/uploads/2023/09/30A-Classi-Movies.jpeg
70s Cinema|https://jmp2.uk/plu-5f4d878d3d19b30007d2e782.m3u8|https://i.imgur.com/mgXeEE4.png
80s Rewind|https://jmp2.uk/plu-5ca525b650be2571e3943c63.m3u8|https://i.imgur.com/nkEeYfI.png
90s Throwback|https://jmp2.uk/plu-5f4d86f519358a00072b978e.m3u8|https://i.imgur.com/KoGko6M.png
312 ذڑذ¸ذ½ذ¾ (406p)|http://176.126.166.43:1935/live/312kino/playlist.m3u8|https://i.ibb.co/3m9LrLj/k7gIibH.png
&flix (576p)|http://iptvcasomsapi.jprdigital.in/x-media/C0523/master.m3u8|https://xstreamcp-assets-msp.streamready.in/assets/LIVETV/LIVECHANNEL/LIVETV_LIVETVCHANNEL_SYMANDFLIX/images/LOGO_HD/LOGO_HD_image.png
&flix HD (576p)|http://iptvcasomsapi.jprdigital.in/x-media/C0540/master.m3u8|https://xstreamcp-assets-msp.streamready.in/assets/LIVETV/LIVECHANNEL/LIVETV_LIVETVCHANNEL_SYMANDFLIX/images/LOGO_HD/LOGO_HD_image.png
&pictures (576p)|http://iptvcasomsapi.jprdigital.in/x-media/C0521/master.m3u8|https://dtil.tmsimg.com/assets/GNLZZGG002FYK4V.png?lock=720x540
&pictures HD (1080p)|http://103.229.254.25:7001/play/a033/index.m3u8|https://dtil.tmsimg.com/assets/GNLZZGG0022J67R.png?lock=720x540
&prive HD (1080p)|http://103.229.254.25:7001/play/a03f/index.m3u8|https://dtil.tmsimg.com/assets/GNLZZGG0022J69M.png?lock=720x540
&TV (576p)|http://103.229.254.25:7001/play/a09v/index.m3u8|https://xstreamcp-assets-msp.streamready.in/assets/LIVETV/LIVECHANNEL/LIVETV_LIVETVCHANNEL_SYMANDTV/images/LOGO_HD/LOGO_HD_image.png
&TV HD (1080p)|http://103.229.254.25:7001/play/a034/index.m3u8|https://xstreamcp-assets-msp.streamready.in/assets/LIVETV/LIVECHANNEL/LIVETV_LIVETVCHANNEL_SYMANDTV/images/LOGO_HD/LOGO_HD_image.png
&TV International (1080p)|https://amg01117-amg01117c1-amgplt0029.playout.now3.amagi.tv/playlist/amg01117-amg01117c1-amgplt0029/playlist.m3u8|https://xstreamcp-assets-msp.streamready.in/assets/LIVETV/LIVECHANNEL/LIVETV_LIVETVCHANNEL_SYMANDTV/images/LOGO_HD/LOGO_HD_image.png
&xplor HD (1080p)|http://iptvcasomsapi.jprdigital.in/x-media/C0556/master.m3u8|https://xstreamcp-assets-msp.streamready.in/assets/LIVETV/LIVECHANNEL/LIVETV_LIVETVCHANNEL_SYMANDXPLOR_HD/images/LOGO_HD/LOGO_HD_image.png
@TV (720p)|http://49.0.87.24:1936/HDAttv/Attv/playlist.m3u8|https://files.catbox.moe/6rj9aw.jpg
ABN Bible Movies (720p)|https://mediaserver.abnvideos.com/streams/abnbiblemovies.m3u8|https://i.imgur.com/NCqZdaL.png
Abzy Dhakad (504p)|https://d2lk5u59tns74c.cloudfront.net/out/v1/4fe6ab07a13543d6bdb2ec63b3e2df44/index.m3u8|https://i.imgur.com/5ORC4tn.png
Abzy Movies (480p)|https://d3qs3d2rkhfqrt.cloudfront.net/out/v1/db8d4eca72d64748a00d0631debf542d/index.m3u8|https://i.imgur.com/LnVgKVF.png
Action 24 (1080p)|http://actionlive.siliconweb.com/actionabr/actiontv/playlist.m3u8|https://upload.wikimedia.org/wikipedia/commons/8/88/Action24-logo-small.png
Adrenalina Pura TV|https://jmp2.uk/plu-61b790b985706b00072cb797.m3u8|https://i.imgur.com/Pvid2iH.png
Afghan Nobel Movies (720p)|https://live.relentlessinnovations.net:1936/afghannobel/afghannobel/playlist.m3u8|https://i.ibb.co/zfdbVSm/logo-1.png
Aflam (1080p)|https://shls-live-enc.edgenextcdn.net/out/v1/0044dd4b001a466c941ad77b04a574a2/index.m3u8|https://i.imgur.com/cTLj7Yt.png
Afra Film|https://afrafhls.wns.live/hls/stream.m3u8|
Afriwood Blockbuster (720p)|https://streamdot.broadpeak.io/cff02a74da64d145c102a2d012758398/afxpstr/AfriwoodBlockbuster/index.m3u8|https://i.imgur.com/aESdqiB.png
Alankar TV (720p)|https://livetv.tarangplus.in/alankar-origin/live/playlist.m3u8|https://xstreamcp-assets-msp.streamready.in/assets/LIVETV/LIVECHANNEL/LIVETV_LIVETVCHANNEL_ALANKAR/images/LOGO_HD/image.png
Alfa Dramas (226p) [Not 24/7]|https://www.hellasnet.tv/rest2.live.hn/w2r.alf/playlist.m3u8|https://i.imgur.com/wnVEvRM.png
Alien Nation by DUST (1080p)|https://dqi7ayt2o24fn.cloudfront.net/playlist.m3u8|https://i.imgur.com/FxYhME9.png
All Time Movies (576p)|https://mumt03.tangotv.in/ALLTIMEMOVIES/index.m3u8|https://yt3.googleusercontent.com/U4INXhwmEUOABHoemQBpI6C9t4jb9iBmDvZ3ZT3lAb9Au_jVl32NL8XDpy-9cBjRJ2LP69Ovzg=s900-c-k-c0x00ffffff-no-rj
alpha Cinema (1080p)|https://live.15plusmg.ru/memfs/b389173a-df4e-4171-8904-e249893e71eb.m3u8|https://i.imgur.com/146OgfU.png
alpha Moretime (1080p)|https://live.15plusmg.ru/memfs/3546fc09-2eba-459d-9a1f-9a2fc39e50bd.m3u8|https://i.imgur.com/ibQfUr7.png
Alterna TV (720p) [Not 24/7]|https://tv.alterna.ar/stream/hls/live.m3u8|https://tv.alterna.ar/alternatv.png
Amedia Hit|http://31.148.48.15/Amedia_HIT_HD/index.m3u8|https://i.imgur.com/a8ZBGBw.png
Amedia Premium|http://31.148.48.15/Amedia_Premium_HD/index.m3u8|https://i.imgur.com/UUjehw9.png
American Horrors (480p)|http://107.167.7.162:8081/playlist/amhor/playlist.m3u8|https://image.roku.com/developer_channels/prod/16f5571a82819e8992a748c70b256cbe63105f4b546b73d129668dc2cb701d91.png
Anmol Cinema (576p)|http://iptvcasomsapi.jprdigital.in/x-media/C0549/master.m3u8|https://dtil.tmsimg.com/assets/GNLZZGG00260YG8.png?lock=720x540
Anmol Cinema 2 (576p)|http://iptvcasomsapi.jprdigital.in/x-media/C0541/master.m3u8|https://xstreamcp-assets-msp.streamready.in/assets/LIVETV/LIVECHANNEL/LIVETV_LIVETVCHANNEL_ZEE_ANMOL_CINEMA_2/images/LOGO_HD/LOGO_HD_image.png
Artflix Movie Classics (720p)|https://amogonetworx-artflix-1-nl.samsung.wurl.tv/playlist.m3u8|https://i.imgur.com/5pOZQB4.png
Asianet Movies (576p)|http://iptvcasomsapi.jprdigital.in/x-media/C0476/master.m3u8|https://i.imgur.com/cps67hs.png
Atrescine (1080p)|http://181.114.57.246:4000/play/KgkA9tT2SpLYm86J/index.m3u8|https://upload.wikimedia.org/wikipedia/commons/thumb/b/bc/Atrescine_logo.svg/960px-Atrescine_logo.svg.png
Aurora Media Films (720p)|https://cdn.streamhispanatv.net:3417/live/auroramflive.m3u8|https://i.imgur.com/DVC5w6H.png
B4U Bhojpuri (1080p)|https://cdnb4u.wiseplayout.com/B4U_Bhojpuri/master.m3u8|https://i.imgur.com/NwOQUDp.png
B4U Kadak (1080p) [Not 24/7]|https://cdnb4u.wiseplayout.com/B4U_Kadak/master.m3u8|https://dtil.tmsimg.com/assets/s142695_ld_h15_aa.png?lock=720x540
B4U Movies APAC (720p)|https://edge2.roarzone.info:8447/roarzone/edge3/b4u-movies-apac/index.m3u8|https://i.imgur.com/M9kMFJl.png
B4U Movies India (1080p)|https://cdnb4u.wiseplayout.com/B4U_Movies/master.m3u8|https://i.imgur.com/M9kMFJl.png
BET Cinema|https://jmp2.uk/plu-58af4c093a41ca9d4ecabe96.m3u8|https://i.imgur.com/FKBp987.png
Bflix Movies (576p)|https://mumt03.tangotv.in/BFLIX/index.m3u8|https://i.imgur.com/5CtiQ45.png
Bhojpuri Cinema (720p)|https://live-bhojpuri.akamaized.net/liveabr/playlist.m3u8|https://xstreamcp-assets-msp.streamready.in/assets/LIVETV/LIVECHANNEL/LIVETV_LIVETVCHANNEL_BHOJPURI_CINEMA/images/LOGO_HD/image.png
BIZ Cinema (1080p)|https://fl.biztv.media/cinema_720_EMfSyXgoRdiIHgldXTZICucKTIeCKO/index.m3u8|https://biztv.uz/static/media/biz-cinema.286b83dc.png
like Gecko) Chrome/145.0.0.0 Safari/537.36 Edg/145.0.0.0" group-title="Classic;Movies",Bollywood Classic (1080p)|https://d35j504z0x2vu2.cloudfront.net/v1/master/0bc8e8376bd8417a1b6761138aa41c26c7309312/bollywood-classic/manifest.m3u8?ads.vf=QzgeokcHKvy|https://i.imgur.com/ugPo6ca.png
like Gecko) Chrome/145.0.0.0 Safari/537.36 Edg/145.0.0.0" group-title="Movies",Bollywood HD (1080p)|https://d35j504z0x2vu2.cloudfront.net/v1/master/0bc8e8376bd8417a1b6761138aa41c26c7309312/bollywood-hd/manifest.m3u8?ads.vf=lWu9a-np_Vi|https://i.imgur.com/scDKOLS.png
Boreal (720p) [Not 24/7]|https://mlb.essastream.com:8081/borealtelevision/tracks-v1a1/mono.m3u8|https://i.imgur.com/KSquHTG.png
like Gecko) Chrome/145.0.0.0 Safari/537.36 Edg/145.0.0.0" group-title="Movies",Box Cinema (1080p)|https://d3s7x6kmqcnb6b.cloudfront.net/d/distro001a/QK2TKFREGRYXDI8IJGHW/hls3/now,-1m/m.m3u8?ads.vf=l_Bw4LbbQO8|https://i.imgur.com/LGJlmtp.png
Bravo Farsi TV (360p)|https://bravoohls.wns.live/hls/stream.m3u8|https://i.ibb.co/yynxRTS/Bravo-Farsi.jpg
Cafe Film|https://cafefhls.wns.live/hls/stream.m3u8|
CCTV-6 (2160p) [Geo-blocked]|http://123.175.209.52:9003/hls/7/index.m3u8|https://i.imgur.com/rFiaef7.png
Charge! (1080p)|https://fast-channels.sinclairstoryline.com/CHARGE/index.m3u8|https://i.imgur.com/1rxmu2u.png
Cine 34 [Geo-blocked]|https://live3-mediaset-it.akamaized.net/Content/hls_h0_clr_vos/live/channel(b6)/index.m3u8|https://upload.wikimedia.org/wikipedia/commons/thumb/d/d7/Cine34_logo.svg/960px-Cine34_logo.svg.png
Cine adrenalina|https://jmp2.uk/plu-5d8d164d92e97a5e107638d2.m3u8|https://i.imgur.com/njCKaMv.png
Cine Clأ،sico|https://jmp2.uk/plu-64b9671cdac71b0008f371df.m3u8|https://i.imgur.com/hCA5BRr.png
Cine comedia|https://jmp2.uk/plu-5f513564e4622a0007c578c0.m3u8|https://i.imgur.com/1H1MHb2.png
Cine Premiere|https://jmp2.uk/plu-5cf968040ab7d8f181e6a68b.m3u8|https://i.imgur.com/PdhWTO6.png
Cine Romantico (720p)|https://d1si3n1st4nkgb.cloudfront.net/10502/88886011/hls/master.m3u8?ads.xumo_channelId=88886011|https://i.imgur.com/FUrrDrb.png
Cine Sony (720p)|https://a-cdn.klowdtv.com/live1/cine_720p/playlist.m3u8|https://i.imgur.com/bZWoDTg.png
Cine terror|https://jmp2.uk/plu-5d8d180092e97a5e107638d3.m3u8|https://i.imgur.com/I5XxyLI.png
Cine Western (720p)|https://f7ad58aa.wurl.com/master/f36d25e7e52f1ba8d7e56eb859c636563214f541/UmFrdXRlblRWLWl0X1dQX0hMUw/playlist.m3u8|https://i.imgur.com/tteOFkL.png
like Gecko) Chrome/144.0.0.0 Safari/537.36" group-title="Movies",Cinema (1080p)|https://cdn4.skygo.mn/live/disk1/CinemaTV/DASH-FTA/CinemaTV.mpd|https://i.imgur.com/yib6dM2.png
Cinema|http://catchup.videoline.ru/cinema/playlist.m3u8|https://i.imgur.com/b5e9qUA.png
Cinema Hausa (720p)|https://streamdot.broadpeak.io/cff02a74da64d1459eeb779df71f0511/afxpstr/CinemaHausa/index.m3u8|https://i.imgur.com/uV5cHDW.png
Cinema One (1080p)|https://cdn-ue1-prod.tsv2.amagi.tv/linear/amg01006-abs-cbn-cinemaone-dash-abscbnono/index.mpd|https://upload.wikimedia.org/wikipedia/en/thumb/6/6d/Cinema_One_2013_logo.svg/960px-Cinema_One_2013_logo.svg.png
CineMo (1080p)|https://cdn-ue1-prod.tsv2.amagi.tv/linear/amg01006-abs-cbn-cinemo-dash-abscbnono/index.mpd|https://i.imgur.com/rGAOD3f.png
Cinevault 80s (720p)|https://aegis-cloudfront-1.tubi.video/ea1ab5d1-f554-4f6b-b03f-2611fcd94257/playlist.m3u8|https://i.imgur.com/xaCyyDd.png
Classic Cinema (240p) [Not 24/7]|https://rpn.bozztv.com/gusa/gusa-classiccinema/index.m3u8|https://i.imgur.com/FJoPnTb.png
Classic Movies Channel|https://jmp2.uk/plu-561c5b0dada51f8004c4d855.m3u8|https://i.imgur.com/pQJxov2.png
Classique TV (360p)|https://stmv1.srvif.com/classique/classique/playlist.m3u8|https://i.imgur.com/rHxcraT.png
Colors Bangla Cinema (576p)|http://iptvcasomsapi.jprdigital.in/x-media/C0069/master.m3u8|https://xstreamcp-assets-msp.streamready.in/assets/LIVETV/LIVECHANNEL/LIVETV_LIVETVCHANNEL_COLORS_BANGLA_CINEMA/images/LOGO_HD/image.png
Colors Cineplex (576p)|http://iptvcasomsapi.jprdigital.in/x-media/C0392/master.m3u8|https://xstreamcp-assets-msp.streamready.in/assets/LIVETV/LIVECHANNEL/LIVETV_LIVETVCHANNEL_COLORS_CINEPLEX/images/LOGO_HD/image.png
Colors Cineplex Bollywood (576p)|http://103.182.170.32:8888/play/a01o|https://xstreamcp-assets-msp.streamready.in/assets/LIVETV/LIVECHANNEL/LIVETV_LIVETVCHANNEL_COLORS_CINEPLEX_BOLLYWOOD/images/LOGO_HD/image.png
Colors Cineplex HD (1080p)|http://iptvcasomsapi.jprdigital.in/x-media/C0435/master.m3u8|https://xstreamcp-assets-msp.streamready.in/assets/LIVETV/LIVECHANNEL/LIVETV_LIVETVCHANNEL_COLORS_CINEPLEX_HD/images/LOGO_HD/image.png
Colors Cineplex Superhits (576p)|http://iptvcasomsapi.jprdigital.in/x-media/C0394/master.m3u8|https://xstreamcp-assets-msp.streamready.in/assets/LIVETV/LIVECHANNEL/LIVETV_LIVETVCHANNEL_COLORS_CINEPLEX_SUPERHITS/images/LOGO_HD/image.png
Colors Gujarati Cinema (576p)|http://iptvcasomsapi.jprdigital.in/x-media/C0492/master.m3u8|https://xstreamcp-assets-msp.streamready.in/assets/LIVETV/LIVECHANNEL/LIVETV_LIVETVCHANNEL_COLORS_GUJARATI_CINEMA/images/LOGO_HD/image.png
Colors Kannada Cinema (576p)|http://iptvcasomsapi.jprdigital.in/x-media/C0485/master.m3u8|https://xstreamcp-assets-msp.streamready.in/assets/LIVETV/LIVECHANNEL/LIVETV_LIVETVCHANNEL_COLORS_KANNADA_CINEMA/images/LOGO_HD/image.png
CTB Perth Movies (720p)|https://movies.ctbperth.net.au/hls/stream.m3u8|https://i.imgur.com/VB8gtCy.jpeg
Dhamaka Movies B4U (576p)|https://cdn-1.pishow.tv/live/235/master.m3u8|https://www.lyngsat.com/logo/tv/dd/dhamaka-movies-b4u-in.png
DiscoverFilm|https://discoverfilm-discoverfilm-1-nl.samsung.wurl.tv/playlist.m3u8|https://i.imgur.com/oMnpsQ5.png
Dunia Sinema (1080p)|https://unifi-live05.secureswiftcontent.com/UnifiHD/live27-1080FHD.m3u8|
EBS Cinema (720p)|https://rpn.bozztv.com/ebstv/ebscinema/index.m3u8|https://i.imgur.com/fewPTFE.png
Eisei Gekijo (544p)|http://cdns.jp-primehome.com:8000/zhongying/live/playlist.m3u8?cid=cs22|https://yt3.googleusercontent.com/d5yMuTHpdKEjTqXDEnS-iYo_AaKwuwYtHRs3gbLB9Hg8j_XtXyUXOeKxetptLhz85SciuA5i=s512-c-k-c0x00ffffff-no-rj
Ekran Movies|https://still-mud-3642.nqanzvyuupxwcahtfq.workers.dev/?url=https://ca-rt.onetv.app/EkranMovies/index-0.m3u8|https://i.ibb.co/WNyssx28/Screenshot-2025-05-18-211143.png
ETV Cinema HD (1080p)|https://d1q7j6ha51ro6f.cloudfront.net/v1/master/9d43eacaed199f8d5883927e7aef514a8a08e108/ETV_CINEMA_H264-3_cloud_in/index.m3u8|https://dtil.tmsimg.com/assets/s143026_ld_h15_aa.png?lock=720x540
FAN|http://31.148.48.15/Fan/index.m3u8|https://i.imgur.com/mDeTbaF.png
Filamchi Bhojpuri (1080p)|https://epiconvh.akamaized.net/live/filamchi/master.m3u8|https://dtil.tmsimg.com/assets/s157803_ld_h15_aa.png?lock=720x540
Film4 HD (1080p) [Geo-Blocked]|https://viamotionhsi.netplus.ch/live/eds/film4/browser-HLS8/film4.m3u8|https://i.imgur.com/MTSgoGI.png
Filmax (576p)|http://103.250.28.74:8000/play/a02o/index.m3u8|https://i.imgur.com/eLmdZ6k.png
Filmazia (576p)|http://103.250.28.74:8000/play/a02k/index.m3u8|https://i.imgur.com/hpTCANa.png
Filmes Suspense|https://jmp2.uk/plu-5f171d3442a0500007362f22.m3u8|https://i.imgur.com/45V9MKk.png
Filmex (Xumo) (1080p) [Geo-blocked]|https://filmex-filmex-xumo.amagi.tv/playlist.m3u8|https://i.imgur.com/Hiz2OyC.png
Filmex Clأ،sico (1080p) [Geo-blocked]|https://filmex-filmexclasico-xumo.amagi.tv/playlist.m3u8|https://i.imgur.com/D3dj4mv.png
FilmRise Westerns (720p)|https://dz05z8iljgvbe.cloudfront.net/master.m3u8|https://i.imgur.com/8j2npVc.png
Flicks of Fury|https://jmp2.uk/plu-58e55b14ad8e9c364d55f717.m3u8|https://i.imgur.com/rtL5L81.png
Forensic Files (720p) [Geo-blocked]|https://pb-x9qsxrudiq9d2.akamaized.net/webvtt/v1/18584c3f3a2a4df8/88886014/master.m3u8|https://i.imgur.com/8j2npVc.png
FX Movie Channel (720p) [Not 24/7]|https://tvpass.org/live/FXMovieChannel/hd|https://upload.wikimedia.org/wikipedia/commons/thumb/e/e7/FXM_Logo.svg/960px-FXM_Logo.svg.png
GEM Bollywood|https://wild-dawn-81ef.srmhoburfqyupzwxbu.workers.dev/?url=https://ca-rt.onetv.app/gembollywood/index-0.m3u8|https://i.imgur.com/2XASeBk.png
GEM Drama|https://wild-dawn-81ef.srmhoburfqyupzwxbu.workers.dev/?url=https://ca-rt.onetv.app/gemdrama/index-0.m3u8|https://i.imgur.com/k2pGyRH.png
GEM Drama Plus|https://still-mud-3642.nqanzvyuupxwcahtfq.workers.dev/?url=https://ca-rt.onetv.app/gemdramaplus/index-0.m3u8|https://gemgroup.tv/assets/images/channels/icon_7.png
GEM Film|https://wild-dawn-81ef.srmhoburfqyupzwxbu.workers.dev/?url=https://ca-rt.onetv.app/gemfilm/index-0.m3u8|https://i.imgur.com/nrFz3LU.png
GEM Onyx|https://still-mud-3642.nqanzvyuupxwcahtfq.workers.dev/?url=https://ca-rt.onetv.app/gemonyx/index-0.m3u8|https://i.imgur.com/gXRIAw4.png
GEM Pixel|https://glserver1.tamashaland.com/live/aBCH96886YznRbGOiqTnnQ__/stream_0.m3u8|https://i.ibb.co/Q3tkbPrn/icon-27.png
GEM Rubix|https://still-mud-3642.nqanzvyuupxwcahtfq.workers.dev/?url=https://ca-rt.onetv.app/gemrubix/index-0.m3u8|https://i.imgur.com/cDjOj58.png
GEM Rubix Plus|https://still-mud-3642.nqanzvyuupxwcahtfq.workers.dev/?url=https://ca-rt.onetv.app/gemrubixplus/index-0.m3u8|https://gemgroup.tv/assets/images/channels/icon_31.png
Gemini Movies (576p)|http://iptvcasomsapi.jprdigital.in/x-media/C0586/master.m3u8|https://xstreamcp-assets-msp.streamready.in/assets/LIVETV/LIVECHANNEL/LIVETV_LIVETVCHANNEL_GEMINI_MOVIES/images/LOGO_HD/image.png
Gemini Movies HD (1080p)|http://111.88.78.21:8000/play/a0zf/index.m3u8|https://xstreamcp-assets-msp.streamready.in/assets/LIVETV/LIVECHANNEL/LIVETV_LIVETVCHANNEL_GEMINI_MOVIES/images/LOGO_HD/image.png
Ghost TV (712p) [Not 24/7]|https://stmv.video.expressolider.com.br/ghostv/ghostv/playlist.m3u8|https://i.imgur.com/ZVO8GVI.png
Girlfriends|https://jmp2.uk/plu-66ba1e4446762a000855cd87.m3u8|https://i.imgur.com/hCcdrOv.png
Gold Star|https://moviethls.wns.live/hls/stream.m3u8|
Goldmines (576p)|https://cdn-2.pishow.tv/live/1459/master.m3u8|https://xstreamcp-assets-msp.streamready.in/assets/LIVETV/LIVECHANNEL/LIVETV_LIVETVCHANNEL_GOLDMINES/images/LOGO_HD/image.png
Goldmines 2 (576p)|https://cdn-2.pishow.tv/live/1460/master.m3u8|https://www.lyngsat.com/logo/tv/gg/goldmines-2-in.png
Goldmines Movies (576p)|https://cdn-2.pishow.tv/live/1461/master.m3u8|https://dtil.tmsimg.com/assets/s142881_ld_h15_aa.png?lock=720x540
Grand Cinema|https://gcinemahls.wns.live/hls/stream.m3u8|https://www.lyngsat.com/logo/tv/gg/grand-cinema.png
Gravitas Movies (1080p)|https://d6dg3ebeih71x.cloudfront.net/Gravitas_Movies.m3u8|https://i.imgur.com/H2hD4vT.png
GREAT! movies (1080p)|https://amg01753-narrativeuk-amg01753c3-lg-gb-1833.playouts.now.amagi.tv/playlist/amg01753-narrativeuk-greatmovies-lggb/playlist.m3u8|https://d2n0069hmnqmmx.cloudfront.net/epgdata/1.0/newchanlogos/512/512/skychb3709.png
GREAT! romance (1080p)|https://amg01753-narrativeuk-amg01753c2-lg-gb-1832.playouts.now.amagi.tv/playlist/amg01753-narrativeuk-greatchristmas-lggb/playlist.m3u8|https://d2n0069hmnqmmx.cloudfront.net/epgdata/1.0/newchanlogos/512/512/skychb3643.png
Grjngo Western Movies (720p)|https://amogonetworx-grjngo-3-dk.samsung.wurl.tv/playlist.m3u8|https://i.imgur.com/wFqhK3p.png
Groovy TV (360p)|http://web.onair-radio.eu:1935/groovytv/groovytv/playlist.m3u8|https://i.imgur.com/ZYNQuf1.png
Hallmark Movies & More (1080p) [Geo-blocked]|https://pb-clwlfvkqpn19r.akamaized.net/Hallmark_Movies_&_More.m3u8|
Hallmark Movies & Mysteries East (1080p) [Not 24/7]|https://tvpass.org/live/HallmarkMoviesMysteriesEast/hd|https://i.imgur.com/GPRGA9C.png
Harbin Movie Channel|https://stream.hrbtv.net/yspd/playlist.m3u8|https://www.tvchinese.net/uploads/tv/haerbin.jpg
Hero (720p) [Not 24/7]|https://live-fi.tvkaista.net/hero/live.m3u8?hd=true|https://i.imgur.com/4t5JQLY.png
Hollywood|http://31.148.48.15/AMC/index.m3u8|https://i.imgur.com/1j7cT2I.png
Home Plus|https://homeplushls.wns.live/hls/stream.m3u8|https://www.lyngsat.com/logo/tv/hh/homeplus.png
ICC Plus (1080p)|https://icchls.wns.live/hls/stream.m3u8|https://www.lyngsat.com/logo/tv/ii/iccplus-us.png
IFC East (720p) [Not 24/7]|https://tvpass.org/live/IFCEast/hd|https://i.imgur.com/bQdkyF9.png
iFilm 2|https://live.presstv.ir/hls/ifilm2.m3u8|https://upload.wikimedia.org/wikipedia/fa/c/ce/Ifilm2logo.png
iFilm Arabic|https://live.presstv.ir/hls/ifilmar.m3u8|https://upload.wikimedia.org/wikipedia/commons/b/b9/IFILM.png
iFilm English|https://live.presstv.ir/hls/ifilmen.m3u8|https://upload.wikimedia.org/wikipedia/commons/b/b9/IFILM.png
iFilm Persian|https://live.presstv.ir/hls/ifilmfa.m3u8|https://upload.wikimedia.org/wikipedia/commons/b/b9/IFILM.png
Indywood TV (720p)|https://43wrzjnpqoxe-hls-live.wmncdn.net/indywood/indywoodtv/index.m3u8|https://i.ibb.co/jT3NCPp/logo-tv.png
Itage TV|https://viewmedia7219.bozztv.com/wmedia/viewmedia100/web_011/Stream/playlist.m3u8|https://i.imgur.com/FP1aUPw.jpg
J Movie (576p)|http://iptvcasomsapi.jprdigital.in/x-media/C0314/master.m3u8|https://xstreamcp-assets-msp.streamready.in/assets/LIVETV/LIVECHANNEL/LIVETV_LIVETVCHANNEL_J_MOVIES/images/LOGO_HD/image.png
Jalsha Movies (576p)|http://iptvcasomsapi.jprdigital.in/x-media/C0463/master.m3u8|https://i.imgur.com/25eWjX2.png
Jalsha Movies HD (1080p)|http://103.229.254.25:7001/play/a0dt/index.m3u8|https://i.imgur.com/25eWjX2.png
Jiangxi Movie Channel|https://play-live-hls.jxtvcn.com.cn/live-city/tv_jxtv4.m3u8|https://www.tvchinese.net/uploads/tv/jiangxi.jpg
Jilin Movie Channel|https://lsfb.avap.jilintv.cn/zqvk7vpj/channel/906341e6f19b4c4bacdc89941eb85d12/index.m3u8|https://www.tvchinese.net/uploads/tv/jlyspd.jpg
Kairali We (576p)|https://cdn-3.pishow.tv/live/1530/master.m3u8|https://xstreamcp-assets-msp.streamready.in/assets/LIVETV/LIVECHANNEL/LIVETV_LIVETVCHANNEL_KAIRALI_WE/images/LOGO_HD/image.png
KCM (1080p) [Geo-blocked]|https://amg02159-amg02159c7-samsung-in-4001.playouts.now.amagi.tv/playlist/amg02159-kcglobal-kcm-samsungin/playlist.m3u8|https://jiotvimages.cdn.jio.com/dare_images/images/KCM.png
KidsFlix (1080p) [Not 24/7]|https://stream-us-east-1.getpublica.com/playlist.m3u8?network_id=50|https://i.imgur.com/4Pn0ADQ.png
Kino 24|http://sirius.greenhosting.ru/Kino24Ru/video.m3u8|https://i.imgur.com/QAdDARF.png
Kino Barrandov (720p)|http://83.167.253.107/hdmi1_ext|https://upload.wikimedia.org/wikipedia/commons/thumb/8/80/Kino_Barrandov_logo.png/960px-Kino_Barrandov_logo.png
Kinoteatr (1080p)|https://stream8.cinerama.uz/1009/tracks-v1a1/playlist.m3u8|https://i.imgur.com/emH1BgC.png
Klasik TV (576p) [Not 24/7]|https://178.253.194.105/klasiktv/playlist.m3u8|https://i.imgur.com/C90BYlb.png
Komsan TV [Not 24/7]|http://tv.cootel.com.kh:8077/streams/d/Komsan/playlist.m3u8|https://i.imgur.com/SNTf2r3.png
KTV (576p)|http://iptvcasomsapi.jprdigital.in/x-media/C0575/master.m3u8|https://xstreamcp-assets-msp.streamready.in/assets/LIVETV/LIVECHANNEL/LIVETV_LIVETVCHANNEL_KTV/images/LOGO_HD/image.png
KTV HD (1080p)|http://103.121.6.5:8000/play/a05i/index.m3u8|https://xstreamcp-assets-msp.streamready.in/assets/LIVETV/LIVECHANNEL/LIVETV_LIVETVCHANNEL_KTV_HD/images/LOGO_HD/image.png
Kuriakos Cine (1080p)|https://w2.manasat.com/kcine/smil:kcine.smil/playlist.m3u8|https://i.imgur.com/CZViCwB.jpg
Lenz Film|https://lenz.splus.ir/PLTV/88888888/224/3221227021/index.m3u8|
Lifetime Movies East (720p) [Not 24/7]|https://tvpass.org/live/LifetimeMoviesEast/hd|https://i.imgur.com/BWmqYTO.png
Maah TV (720p)|https://hls.maahtv.live/hls/stream.m3u8|https://i.imgur.com/FkyueH6.png
Made in Hollywood|https://connection3-ent-nz.samsung.wurl.tv/playlist.m3u8|https://i.imgur.com/p16HNIM.png
Maha Movie (576p)|https://cdn-6.pishow.tv/live/10007/master.m3u8|https://jiotvimages.cdn.jio.com/dare_images/images/Maha_Movies.png
Manoranjan Grand (720p)|https://cdn-1.pishow.tv/live/1011/master.m3u8|https://dtil.tmsimg.com/assets/s143302_ld_h15_aa.png?lock=720x540
Manoranjan Movies (720p)|https://cdn-2.pishow.tv/live/228/master.m3u8|https://xstreamcp-assets-msp.streamready.in/assets/LIVETV/LIVECHANNEL/LIVETV_LIVETVCHANNEL_MANORANJAN_MOVIES/images/LOGO_HD/image.png
Maverick Black Cinema (1080p)|https://maverick-maverick-black-cinema-3-us.roku.wurl.tv/playlist.m3u8|https://images.fubo.tv/station_logos/maverick_black_cinema_c.png
MAX4 (576p)|http://146.59.85.40:89/max4/index.m3u8|https://upload.wikimedia.org/wikipedia/commons/thumb/c/cd/Max4_logo.png/960px-Max4_logo.png
Max Movies (1080p)|https://live.maxtn.in/maxmovies/maxmovies/index.m3u8|https://livetv.ashokadigital.net/upload/logo/1732168422_WhatsApp%20Image%202024-11-21%20at%2010.18.47%20AM.jpeg
MBC Bollywood (1080p) [Geo-blocked]|https://shd-gcp-live.edgenextcdn.net/live/bitmovin-mbc-bollywood/546eb40d7dcf9a209255dd2496903764/index.m3u8|https://i.imgur.com/TTAGFHG.png
MBC+ Drama (1080p)|https://shd-gcp-live.edgenextcdn.net/live/bitmovin-mbc-plus-drama/e37251ec2aac8f6c98f75cd0fa37cd28/index.m3u8|https://i.imgur.com/lxWdjXG.png
MCI Televisiأ³n (1080p)|https://video.ejeserver.com/live/mcitelevision.m3u8|https://pbs.twimg.com/profile_images/1836009952420274177/FfYonU6r_400x400.jpg
Mega Cine TV (720p)|https://cloudflare.streamgato.us:3125/live/megacinetvlive.m3u8|https://www.vivalivetv.com/public/files/shows/0/1/2893-294x165-FFFFFF.jpg
Memorias TV Film (720p) [Geo-blocked]|https://video.xtrematv.com:3725/live/memoriasfilmlive.m3u8|https://i.imgur.com/vNfjW6Y.png
Meta Film TV|https://metafilmhls.wns.live/hls/stream.m3u8|https://www.lyngsat.com/logo/tv/mm/meta-film-tv.png
MH One Movies (576p)|https://mumt03.tangotv.in/MHONEMOVIE/index.m3u8|https://www.lyngsat.com/logo/tv/mm/mh-1-movies-in.png
Mix Hollywood (1080p)|https://ml-pull-hwc.myco.io/MixTV/hls/index.m3u8|https://i.imgur.com/1ENdbZn.png
MNX (576p)|http://iptvcasomsapi.jprdigital.in/x-media/C0089/master.m3u8|https://xstreamcp-assets-msp.streamready.in/assets/LIVETV/LIVECHANNEL/LIVETV_LIVETVCHANNEL_MNX/images/LOGO_HD/image.png
MNX HD (1080p)|http://iptvcasomsapi.jprdigital.in/x-media/C0114/master.m3u8|https://xstreamcp-assets-msp.streamready.in/assets/LIVETV/LIVECHANNEL/LIVETV_LIVETVCHANNEL_MNX_HD/images/LOGO_HD/image.png
like Gecko) Chrome/144.0.0.0 Safari/537.36" group-title="Movies",MovieBox (1080p)|https://cdn4.skygo.mn/live/disk1/Moviebox/DASH-FTA/Moviebox.mpd|https://i.imgur.com/xeO1Zb4.png
MOVIEDOME|https://jmp2.uk/plu-615c1e5ce3039400070a0547.m3u8|https://i.imgur.com/8c54ycg.png
MOVIEDOME|https://jmp2.uk/plu-615c1e5ce3039400070a0547.m3u8|https://i.imgur.com/8c54ycg.png
Movieplex (576p)|https://mumt04.tangotv.in/MOVIEPLEX/index.m3u8|https://i.imgur.com/THJEAqJ.png
Movies Action (1080p)|https://shls-live-enc.edgenextcdn.net/out/v1/46079e838e65490c8299f902a7731168/index.m3u8|https://i.imgur.com/NIVhISa.png
Movies Now (576p)|http://iptvcasomsapi.jprdigital.in/x-media/C0090/master.m3u8|https://xstreamcp-assets-msp.streamready.in/assets/LIVETV/LIVECHANNEL/LIVETV_LIVETVCHANNEL_MOVIES_NOW/images/LOGO_HD/image.png
Movies Now + (1080p)|http://iptvcasomsapi.jprdigital.in/x-media/C0112/master.m3u8|https://xstreamcp-assets-msp.streamready.in/assets/LIVETV/LIVECHANNEL/LIVETV_LIVETVCHANNEL_MNSYMPLUS/images/LOGO_HD/image.png
Movies Thriller (1080p)|https://shls-live-enc.edgenextcdn.net/out/v1/f6d718e841f8442f8374de47f18c93a7/index.m3u8|https://i.imgur.com/JWihdcl.png
Movies! (480p)|https://bozztv.com/dvrfl03/hdirect/hdirect-ovair1-movies!/index.m3u8|https://i.imgur.com/gAGn3mK.png
MovieSmart Turk (576p)|http://playhdnewjj.xyz:8080/recc121412/KVqfhtdJ2nQ7/174|https://i.imgur.com/DWN9ulT.png
Moviesphere|https://jmp2.uk/plu-6401d85a49839300087b116c.m3u8|https://i.imgur.com/h1ejU90.png
MovieSphere (1080p) [Geo-blocked]|https://pb-wmei1j77c66s0.akamaized.net/MovieSphere.m3u8|https://i.imgur.com/h1ejU90.png
MovieSphere AU (1080p)|https://amg00353-lionsgatefilmsi-moviesphereaus-samsungau-7qzhf.amagi.tv/playlist/amg00353-lionsgatefilmsi-moviesphereaus-samsungau/playlist.m3u8|https://i.imgur.com/h1ejU90.png
MovieSphere UK (1080p)|https://moviesphereuk-samsunguk.amagi.tv/playlist.m3u8|https://i.imgur.com/h1ejU90.png
Movify Kino (576p)|https://void.greenhosting.ru/MovifyKino_Mpeg4/index.m3u8|https://i.imgur.com/XIk5EJN.png
like Gecko Chrome/144.0.0.0 Safari/537.36" group-title="Movies",My Cinema [Geo-blocked]|https://op-group1-swiftservehd-1.dens.tv/h/h192/index.m3u8|https://i.imgur.com/BTmcTQO.png
like Gecko Chrome/144.0.0.0 Safari/537.36" group-title="Movies",My Cinema Europe [Geo-blocked]|https://op-group1-swiftservehd-1.dens.tv/h/h18/index.m3u8|https://i.imgur.com/jz0d8tH.png
MyTime Movie Network (1080p)|https://appletree-mytimeuk-rakuten.amagi.tv/playlist.m3u8|https://i.imgur.com/pw4NZK1.png
MyTime Movie Network (1080p)|https://appletree-mytimeau-samsung.amagi.tv/playlist.m3u8|https://i.imgur.com/HYgxPVQ.png
MyTime Movie Network Brazil (720p)|https://appletree-mytime-samsungbrazil.amagi.tv/playlist.m3u8|https://i.imgur.com/aiGQtzI.png
MyTime Movie Network Mexico (720p)|https://appletree-mytime-samsungmexico.amagi.tv/playlist.m3u8|https://i.imgur.com/pw4NZK1.png
MyTime movie network Spain (1080p)|https://appletree-mytimespain-rakuten.amagi.tv/playlist.m3u8|https://i.imgur.com/pw4NZK1.png
NETV Toronto (720p)|https://eu1.vectromdigital.com:1936/netvtoronto/netvtoronto/playlist.m3u8|https://i.imgur.com/WXRBuOW.png
Newflix|https://newfhls.wns.live/hls/stream.m3u8|
Next HD (480p)|https://live.enhdtv.com:19360/nexthd/nexthd.m3u8|https://i.imgur.com/c2rF3SS.png
Nihon Eiga Senmon (544p)|http://cdns.jp-primehome.com:8000/zhongying/live/playlist.m3u8?cid=bs23|https://i.imgur.com/B2wzA67.png
Nolly Africa HD (1080p) [Geo-blocked]|https://amg02784-amg02784c1-distrotv-us-3394.playouts.now.amagi.tv/playlist/amg02784-nollyafricafast-nollyafricahd-distrotvus/playlist.m3u8|https://i.imgur.com/IxtGpti.png
OCN (576p)|http://202.60.106.14:8080/207/playlist.m3u8|https://upload.wikimedia.org/wikipedia/commons/thumb/9/95/OCN_Logo.svg/960px-OCN_Logo.svg.png
One TV Cinema 2 (1080p)|http://43.252.18.195:5080/live/streams/ChineseDrama.playlist.m3u8|https://i.imgur.com/H8PiAbA.png
Oscar Movies Bhojpuri (720p)|https://cdn-4.pishow.tv/live/233/master.m3u8|https://dtil.tmsimg.com/assets/s143638_ld_h9_ab.png?lock=720x540
Pantalla Clأ،sica EC (512p) [Not 24/7]|https://live21.bozztv.com/akamaissh101/ssh101/pantallaclasics/playlist.m3u8|https://i.imgur.com/mhbERF9.jpg
Paramount Movie Channel|https://jmp2.uk/plu-5cb0cae7a461406ffe3f5213.m3u8|https://i.imgur.com/sj5h9bl.png
Paramount+ Picks|https://jmp2.uk/plu-5ff8c708653d080007361b14.m3u8|https://images.pluto.tv/channels/5ff8c708653d080007361b14/featuredImage.jpg
Persiana Cinema|https://cinehls.persiana.live/hls/stream.m3u8|https://i.imgur.com/hgIro9r.png
Persiana Family|https://familyhls.persiana.live/hls/stream.m3u8|https://i.imgur.com/lMZsuWi.png
Persiana Iranian|https://irhls.persiana.live/hls/stream.m3u8|https://i.imgur.com/vqrrpBi.png
Persiana Korea|https://korhls.persiana.live/hls/stream.m3u8|https://i.imgur.com/si2ZnIA.png
Persiana Latino|https://latinohls.persiana.live/hls/stream.m3u8|https://www.lyngsat.com/logo/tv/pp/persiana-latino-fr.png
Persiana Plus|https://euhls.persiana.live/hls/stream.m3u8|https://i.imgur.com/0xttibX.png
Pitaara (720p)|https://vg-pitaaratvlive.akamaized.net/v1/master/611d79b11b77e2f571934fd80ca1413453772ac7/vglive-sk-583798/playlist.m3u8|https://xstreamcp-assets-msp.streamready.in/assets/LIVETV/LIVECHANNEL/LIVETV_LIVETVCHANNEL_PITAARA/images/LOGO_HD/image.png
Pluto TV Action|https://jmp2.uk/plu-5dbfeb961b411c00090b52b3.m3u8|https://i.imgur.com/tDapGal.png
Pluto TV Action|https://jmp2.uk/plu-561d7d484dc7c8770484914a.m3u8|https://i.imgur.com/tDapGal.png
Pluto TV Cine Clأ،ssicos|https://jmp2.uk/plu-5fa1612a669ba0000702017b.m3u8|https://i.imgur.com/N3UYHFS.png
Pluto TV Cine Drama|https://jmp2.uk/plu-5f1210d14ae1f80007bafb1d.m3u8|https://i.imgur.com/AQBtheU.png
Pluto TV Cine Famأ­lia|https://jmp2.uk/plu-5f171f032cd22e0007f17f3d.m3u8|https://i.imgur.com/r9UhBfV.png
Pluto TV Cine Romance|https://jmp2.uk/plu-5f171f988ab9780007fa95ea.m3u8|https://i.imgur.com/WXMD53u.png
Pluto TV Cine Sucessos|https://jmp2.uk/plu-5f120e94a5714d00074576a1.m3u8|https://i.imgur.com/Tq0SMcl.png
Pluto TV Cine Terror|https://jmp2.uk/plu-5f12111c9e6c2c00078ef3bb.m3u8|https://i.imgur.com/I5XxyLI.png
Pluto TV Crime Drama|https://jmp2.uk/plu-65a6a7a00c7ff50008cba07b.m3u8|https://i.imgur.com/9j1njE3.png
Pluto TV Crime Movies|https://jmp2.uk/plu-5f4d8594eb979c0007706de7.m3u8|https://i.imgur.com/SJcqknt.png
Pluto TV Cult Films|https://jmp2.uk/plu-5c5c31f2f21b553c1f673fb0.m3u8|https://i.imgur.com/xoaIAus.png
Pluto TV Cult Films|https://jmp2.uk/plu-5c665db3e6c01b72c4977bc2.m3u8|https://i.imgur.com/xoaIAus.png
Pluto TV Drama|https://jmp2.uk/plu-5ddf91149880d60009d35d27.m3u8|https://i.imgur.com/PvhbHTZ.png
Pluto TV Drama|https://jmp2.uk/plu-5b4e92e4694c027be6ecece1.m3u8|https://i.imgur.com/PvhbHTZ.png
Pluto TV Ficأ§أ£o Cientأ­fica|https://jmp2.uk/plu-5fa15ad6367e170007cdd098.m3u8|https://i.imgur.com/JVEfXbi.png
Pluto TV Filmes Aأ§أ£o|https://jmp2.uk/plu-5f120f41b7d403000783a6d6.m3u8|https://i.imgur.com/HkCV9cQ.png
Pluto TV Filmes Nacionais|https://jmp2.uk/plu-5f5a545d0dbf7f0007c09408.m3u8|https://i.imgur.com/9QTzDJG.png
Pluto TV Horror|https://jmp2.uk/plu-62f4f4b88157cf00075c22db.m3u8|https://i.imgur.com/k6qttca.png
Pluto TV Horror|https://jmp2.uk/plu-612cda102f5f18000705e0bf.m3u8|https://i.imgur.com/k6qttca.png
Pluto TV Horror|https://jmp2.uk/plu-569546031a619b8f07ce6e25.m3u8|https://i.imgur.com/k6qttca.png
Pluto TV Kultfilme|https://jmp2.uk/plu-5dde47b63585b500099f74ec.m3u8|https://i.imgur.com/RJhxl8t.png
Pluto TV Kultfilme|https://jmp2.uk/plu-5dde47b63585b500099f74ec.m3u8|https://i.imgur.com/RJhxl8t.png
Pluto TV Movies|https://jmp2.uk/plu-5c5c3b948002db3c3e0b262e.m3u8|https://i.imgur.com/XzAbXAn.png
Pluto TV Movies|https://jmp2.uk/plu-5c5c3b948002db3c3e0b262e.m3u8|https://i.imgur.com/XzAbXAn.png
Pluto TV Movies|https://jmp2.uk/plu-5ad8d3a31b95267e225e4e09.m3u8|https://i.imgur.com/XzAbXAn.png
Pluto TV Reaction|https://jmp2.uk/plu-617b37b361e0fd0008cfd8c5.m3u8|https://i.imgur.com/H9k3OXN.png
Pluto TV Romance|https://jmp2.uk/plu-5a66795ef91fef2c7031c599.m3u8|https://i.imgur.com/GJBxfyf.png
Pluto TV Sci-Fi|https://jmp2.uk/plu-60ed498c4248a400077c0b9d.m3u8|https://i.imgur.com/vSzd5m7.png
Pluto TV Spotlight|https://jmp2.uk/plu-5ba3fb9c4b078e0f37ad34e8.m3u8|https://i.imgur.com/UmuJkVB.png
Pluto TV Staff Picks|https://jmp2.uk/plu-5f4d863b98b41000076cd061.m3u8|https://i.imgur.com/JzwO8IO.png
Pluto TV Terror|https://jmp2.uk/plu-5c6dc88fcd232425a6e0f06e.m3u8|https://i.imgur.com/eWtoHDM.png
Pluto TV Thriller|https://jmp2.uk/plu-5e1efdbf90ba3e0009d99082.m3u8|https://i.imgur.com/ULKvDN7.png
Pluto TV Thrillers|https://jmp2.uk/plu-5dbfedccc563080009b60f4a.m3u8|https://i.imgur.com/ULKvDN7.png
Pluto TV Thrillers|https://jmp2.uk/plu-5b4e69e08291147bd04a9fd7.m3u8|https://i.imgur.com/ULKvDN7.png
Pluto TV Western|https://jmp2.uk/plu-630dd3b2605f140007e002f5.m3u8|https://i.imgur.com/biepi4A.png
Pluto TV Westerns|https://jmp2.uk/plu-5d4bdb635ce813b38639e6a3.m3u8|https://i.imgur.com/biepi4A.png
Pluto TV Westerns|https://jmp2.uk/plu-5b4e94282d4ec87bdcbb87cd.m3u8|https://i.imgur.com/biepi4A.png
Pravah Picture HD (1080p)|http://iptvcasomsapi.jprdigital.in/x-media/C0455/master.m3u8|https://i.imgur.com/T76S4x3.png
Pro100TV|https://sirius.greenhosting.ru/Pro100tvRu/video.m3u8|https://i.imgur.com/YfQEflM.png
Public Movies (576p)|https://mumt04.tangotv.in/PUBLICMOVIES/index.m3u8|https://xstreamcp-assets-msp.streamready.in/assets/LIVETV/LIVECHANNEL/LIVETV_LIVETVCHANNEL_PUBLIC_MOVIES/images/LOGO_HD/image.png
QTV-3|http://video10.qtv.com.cn/drm/qtv3at/manifest.m3u8|https://www.tvchinese.net/uploads/tv/qdtv3.jpg
Rai Movie (576p) [Geo-blocked]|https://mediapolis.rai.it/relinker/relinkerServlet.htm?cont=747002|https://i.imgur.com/0FjxXU9.png
Raj Digital Plus (1080p)|https://livestream.rajtv.tv/hlslive/Admin/px08241087/live/RajTV_Digital_plus/master_1.m3u8|https://xstreamcp-assets-msp.streamready.in/assets/LIVETV/LIVECHANNEL/LIVETV_LIVETVCHANNEL_RAJ_DIGITAL_PLUS/images/LOGO_HD/image.png
Rakuten Top Movies UK (1080p)|https://0145451975a64b35866170fd2e8fa486.mediatailor.eu-west-1.amazonaws.com/v1/master/0547f18649bd788bec7b67b746e47670f558b6b2/production-LiveChannel-5987/master.m3u8|https://i.imgur.com/Meew6eX.png
Rakuten TV Action Movies Austria (720p)|https://0f846627524f4dd2995e93581379db82.mediatailor.us-east-1.amazonaws.com/v1/master/44f73ba4d03e9607dcd9bebdcb8494d86964f1d8/Samsung-at_RakutenActionMovies-1/playlist.m3u8|https://i.imgur.com/Meew6eX.png
Rakuten TV Action Movies Finland (1080p)|https://bca5a421a70c46ad911efd0a4767c4bf.mediatailor.eu-west-1.amazonaws.com/v1/master/0547f18649bd788bec7b67b746e47670f558b6b2/production-LiveChannel-6075/master.m3u8|https://i.imgur.com/Meew6eX.png
Rakuten TV Action Movies Germany (1080p)|https://284824cf70404fdfb6ddf9349009c710.mediatailor.eu-west-1.amazonaws.com/v1/master/0547f18649bd788bec7b67b746e47670f558b6b2/production-LiveChannel-6066/master.m3u8|https://i.imgur.com/Meew6eX.png
Rakuten TV Action Movies Italy (1080p)|https://87f2e2e5e7624e3bad85da1ca2ed31a7.mediatailor.eu-west-1.amazonaws.com/v1/master/0547f18649bd788bec7b67b746e47670f558b6b2/production-LiveChannel-6067/master.m3u8|https://i.imgur.com/Meew6eX.png
Rakuten TV Action Movies Spain (1080p)|https://a9c57ec7ec5e4b7daeacc6316a0bb404.mediatailor.eu-west-1.amazonaws.com/v1/master/0547f18649bd788bec7b67b746e47670f558b6b2/production-LiveChannel-6069/master.m3u8|https://i.imgur.com/Meew6eX.png
Rakuten TV Action Movies UK (1080p)|https://54045f0c40fd442c8b06df076aaf1e85.mediatailor.eu-west-1.amazonaws.com/v1/master/0547f18649bd788bec7b67b746e47670f558b6b2/production-LiveChannel-6065/master.m3u8|https://i.imgur.com/Meew6eX.png
Rakuten TV Comedy Movies Austria (720p)|https://7ed752b220a441b7b22bdf697c6c4df8.mediatailor.us-east-1.amazonaws.com/v1/master/44f73ba4d03e9607dcd9bebdcb8494d86964f1d8/Samsung-at_RakutenComedyMovies-1/playlist.m3u8|https://i.imgur.com/Meew6eX.png
Rakuten TV Comedy Movies Finland (1080p)|https://a300af98e00746e2acf2346f43e47bd1.mediatailor.eu-west-1.amazonaws.com/v1/master/0547f18649bd788bec7b67b746e47670f558b6b2/production-LiveChannel-6191/master.m3u8|https://i.imgur.com/Meew6eX.png
Rakuten TV Comedy Movies Germany (1080p)|https://ecac08c9e2214375b907d6825aaf9a01.mediatailor.eu-west-1.amazonaws.com/v1/master/0547f18649bd788bec7b67b746e47670f558b6b2/production-LiveChannel-6182/master.m3u8|https://i.imgur.com/Meew6eX.png
Rakuten TV Comedy Movies Italy (1080p)|https://b8bc6c4b9be64bd6aeb3b92aa8521ed4.mediatailor.eu-west-1.amazonaws.com/v1/master/0547f18649bd788bec7b67b746e47670f558b6b2/production-LiveChannel-6184/master.m3u8|https://i.imgur.com/Meew6eX.png
Rakuten TV Comedy Movies Spain (1080p)|https://71db867f03ce4d71a29e92155f07ab87.mediatailor.eu-west-1.amazonaws.com/v1/master/0547f18649bd788bec7b67b746e47670f558b6b2/production-LiveChannel-6180/master.m3u8|https://i.imgur.com/Meew6eX.png
Rakuten TV Comedy Movies UK (1080p)|https://9be783d652cd4b099cf63e1dc134c4a3.mediatailor.eu-west-1.amazonaws.com/v1/master/0547f18649bd788bec7b67b746e47670f558b6b2/production-LiveChannel-6181/master.m3u8|https://i.imgur.com/Meew6eX.png
Rakuten TV Drama Movies Austria (720p)|https://df1aa472ff5b4780a8d91fe319778b4d.mediatailor.us-east-1.amazonaws.com/v1/master/44f73ba4d03e9607dcd9bebdcb8494d86964f1d8/Samsung-at_RakutenTVShows-1/playlist.m3u8|https://i.imgur.com/Meew6eX.png
Rakuten TV Drama Movies Finland (1080p)|https://d7e8ee3c924d4305a0c1840fe94c5d36.mediatailor.eu-west-1.amazonaws.com/v1/master/0547f18649bd788bec7b67b746e47670f558b6b2/production-LiveChannel-6102/master.m3u8|https://i.imgur.com/Meew6eX.png
Rakuten TV Drama Movies Germany (1080p)|https://968754c2483045c1a9a7f677caec35b6.mediatailor.eu-west-1.amazonaws.com/v1/master/0547f18649bd788bec7b67b746e47670f558b6b2/production-LiveChannel-6096/master.m3u8|https://i.imgur.com/Meew6eX.png
Rakuten TV Drama Movies Italy (1080p)|https://f84e0b1628464fab846160df957f269e.mediatailor.eu-west-1.amazonaws.com/v1/master/0547f18649bd788bec7b67b746e47670f558b6b2/production-LiveChannel-6094/master.m3u8|https://i.imgur.com/Meew6eX.png
Rakuten TV Drama Movies Spain (1080p)|https://a7089c89d85f453d850c4a1518b43076.mediatailor.eu-west-1.amazonaws.com/v1/master/0547f18649bd788bec7b67b746e47670f558b6b2/production-LiveChannel-6092/master.m3u8|https://i.imgur.com/Meew6eX.png
Rakuten TV Drama Movies UK (1080p)|https://fee09fd665814f51b939b6d106cf5f66.mediatailor.eu-west-1.amazonaws.com/v1/master/0547f18649bd788bec7b67b746e47670f558b6b2/production-LiveChannel-6093/master.m3u8|https://i.imgur.com/Meew6eX.png
Rakuten TV Family Movies Austria (720p)|https://9fa8baba055e4a52b0a8d1ae7d78bed8.mediatailor.us-east-1.amazonaws.com/v1/master/44f73ba4d03e9607dcd9bebdcb8494d86964f1d8/Samsung-at_RakutenFamily-1/playlist.m3u8|https://i.imgur.com/Meew6eX.png
Rakuten TV Family Movies Finland (1080p)|https://758ee983d61e400381dea6fa8154f4e0.mediatailor.eu-west-1.amazonaws.com/v1/master/0547f18649bd788bec7b67b746e47670f558b6b2/production-LiveChannel-6227/master.m3u8|https://i.imgur.com/Meew6eX.png
Rakuten TV Family Movies Germany (1080p)|https://af230031eeac45f3b78d4f8a13265105.mediatailor.eu-west-1.amazonaws.com/v1/master/0547f18649bd788bec7b67b746e47670f558b6b2/production-LiveChannel-6209/master.m3u8|https://i.imgur.com/Meew6eX.png
Rakuten TV Family Movies Italy (1080p)|https://3315fc3e7276420f895e19cf807dbee1.mediatailor.eu-west-1.amazonaws.com/v1/master/0547f18649bd788bec7b67b746e47670f558b6b2/production-LiveChannel-6215/master.m3u8|https://i.imgur.com/Meew6eX.png
Rakuten TV Family Movies Spain (1080p)|https://b0d59c8c98974e708e5ccb9a27cdfdfc.mediatailor.eu-west-1.amazonaws.com/v1/master/0547f18649bd788bec7b67b746e47670f558b6b2/production-LiveChannel-6205/master.m3u8|https://i.imgur.com/Meew6eX.png
Rakuten TV Family Movies UK (1080p)|https://e3207568b726401995c25670faaf32e4.mediatailor.eu-west-1.amazonaws.com/v1/master/0547f18649bd788bec7b67b746e47670f558b6b2/production-LiveChannel-6203/master.m3u8|https://i.imgur.com/Meew6eX.png
Rakuten TV Family Switzerland (720p)|https://a24daf1125344b9cab66eed2fcff8821.mediatailor.us-east-1.amazonaws.com/v1/master/44f73ba4d03e9607dcd9bebdcb8494d86964f1d8/Samsung-ch_RakutenFamily-1/playlist.m3u8|https://i.imgur.com/Meew6eX.png
Rakuten TV Nordic Films (1080p)|https://4aa9ef08b70d4b0c8f3519c5950b1930.mediatailor.eu-west-1.amazonaws.com/v1/master/0547f18649bd788bec7b67b746e47670f558b6b2/production-LiveChannel-6303/master.m3u8|https://images-3.rakuten.tv/storage/global-live-channel/translation/artwork/ff79e878-3eea-45fc-b0cd-55d6acce9b18-width200-quality90.jpeg
Rakuten TV Top Movies Finland (1080p)|https://1d1b0d4cb6ae4c31985d13221795695b.mediatailor.eu-west-1.amazonaws.com/v1/master/0547f18649bd788bec7b67b746e47670f558b6b2/production-LiveChannel-6057/master.m3u8|https://i.imgur.com/Meew6eX.png
Rakuten TV Top Movies Germany (1080p)|https://cbb622b29f5d43b598991f3fa19de291.mediatailor.eu-west-1.amazonaws.com/v1/master/0547f18649bd788bec7b67b746e47670f558b6b2/production-LiveChannel-5985/master.m3u8|https://i.imgur.com/Meew6eX.png
Rakuten TV Top Movies Italy (1080p)|https://d4a4999341764c67a67e9ec9eb3790ab.mediatailor.eu-west-1.amazonaws.com/v1/master/0547f18649bd788bec7b67b746e47670f558b6b2/production-LiveChannel-5984/master.m3u8|https://i.imgur.com/Meew6eX.png
Rakuten TV Top Movies Spain (1080p)|https://ff335120300e4742a2b135ee9a9e7df8.mediatailor.eu-west-1.amazonaws.com/v1/master/0547f18649bd788bec7b67b746e47670f558b6b2/production-LiveChannel-5983/master.m3u8|https://i.imgur.com/Meew6eX.png
like Gecko) Chrome/145.0.0.0 Safari/537.36 Edg/145.0.0.0" group-title="Movies",Revry Her (720p)|https://d35j504z0x2vu2.cloudfront.net/v1/master/0bc8e8376bd8417a1b6761138aa41c26c7309312/revry-her/playlist.m3u8?ads.vf=j5eHovd50EC|https://xstreamcp-assets-msp.streamready.in/assets/DISTROTV/LIVECHANNEL/66698907bac4421ebc533646/images/logo_20231219_221435_68.png
Roja Movies (1080p)|https://stream.rojatv.cloud/rojatv/rojatv/index.m3u8|https://jiotvimages.cdn.jio.com/dare_images/images/rojamovies.png
Romedy Now (576p)|http://iptvcasomsapi.jprdigital.in/x-media/C0091/master.m3u8|https://xstreamcp-assets-msp.streamready.in/assets/LIVETV/LIVECHANNEL/LIVETV_LIVETVCHANNEL_ROMEDY_NOW/images/LOGO_HD/image.png
Rotana Cinema Egypt (1080p) [Geo-blocked]|https://rotana.hibridcdn.net/rotananet/cinemamasr_net-7Y83PP5adWixDF93/playlist.m3u8|https://i.imgur.com/dGlKoLW.png
Rotana Cinema KSA (1080p) [Geo-blocked]|https://rotana.hibridcdn.net/rotananet/cinema_net-7Y83PP5adWixDF93/playlist.m3u8|https://i.imgur.com/pGgp38I.png
RTSH Shqip (1080p)|http://178.33.11.6:8696/live/rtshshqip/playlist.m3u8|https://i.imgur.com/88kRsW3.png
Runtime Espanol (720p)|https://run-rt-uh-roku.otteravision.com/run/rt_uh/rt_uh.m3u8|https://i.imgur.com/OMQq19N.png
ServusTV (1080p) [Geo-blocked]|https://stv-live.akamaized.net/hls/live/2031011/lingeoSTVATwebPri/master.m3u8|https://i.imgur.com/6W637Gn.png
ServusTV HD [Geo-Blocked]|https://viamotionhsi.netplus.ch/live/eds/servustvhd/browser-HLS8/servustvhd.m3u8|https://i.imgur.com/6W637Gn.png
Shemaroo Josh (720p)|https://airtelapp.shemaroo.com/shemarooChumbakTV/smil:shemarooChumbakTVadp.smil/playlist.m3u8|https://dtil.tmsimg.com/assets/GNLZZGG00297P3E.png?lock=720x540
Shubh Cinema TV (720p)|https://d393sxaxig6bax.cloudfront.net/out/v1/589cf2cf44bf42bb941e817a2240d62e/index.m3u8|https://i.imgur.com/RQhorAG.png
SL 1|https://slonehls.wns.live/hls/stream.m3u8|https://i.imgur.com/n9cuM2W.jpg
SL 2|https://sltwohls.wns.live/hls/stream.m3u8|https://i.imgur.com/BVuUx5R.jpg
Sony Canal Novelas|https://a89829b8dca2471ab52ea9a57bc28a35.mediatailor.us-east-1.amazonaws.com/v1/master/0fb304b2320b25f067414d481a779b77db81760d/CanelaTV_SonyCanalNovelas/playlist.m3u8|
Sony Max (576p)|http://iptvcasomsapi.jprdigital.in/x-media/C0363/master.m3u8|https://xstreamcp-assets-msp.streamready.in/assets/LIVETV/LIVECHANNEL/LIVETV_LIVETVCHANNEL_SONY_MAX/images/LOGO_HD/image.png
Sony Max 1 (576p)|http://iptvcasomsapi.jprdigital.in/x-media/C0357/master.m3u8|https://brand-websites-prod.s3.ap-south-1.amazonaws.com/sonypicturesnetworksindia/general_content/PGT_1822_2.png
Sony Max 2 (576p)|http://iptvcasomsapi.jprdigital.in/x-media/C0381/master.m3u8|https://i.imgur.com/gqUYk6C.png
Sony Max HD (1080p)|http://iptvcasomsapi.jprdigital.in/x-media/C0373/master.m3u8|https://xstreamcp-assets-msp.streamready.in/assets/LIVETV/LIVECHANNEL/LIVETV_LIVETVCHANNEL_SONY_MAX/images/LOGO_HD/image.png
Sony One Favoris (1080p)|https://49d735318d6b4c30a24a7997ea594e1b.mediatailor.us-west-2.amazonaws.com/v1/master/ba62fe743df0fe93366eba3a257d792884136c7f/LINEAR-820-FR-SONYONEFAVORIS-LG_FR/playlist.m3u8|https://i.imgur.com/RO4AM4b.png
Sony One Hits Action (1080p)|https://5098a8b860504a3690fd2e7c0a18d68f.mediatailor.us-west-2.amazonaws.com/v1/master/ba62fe743df0fe93366eba3a257d792884136c7f/LINEAR-817-FR-SONYONEHITSACTION-LG_FR/playlist.m3u8|https://i.imgur.com/pXsZEsR.png
Sony One Hits Comedie (1080p)|https://7aa9671895264ec9a384dfed1b992171.mediatailor.us-west-2.amazonaws.com/v1/master/ba62fe743df0fe93366eba3a257d792884136c7f/LINEAR-818-FR-SONYONEHITSCOMDIE-LG_FR/playlist.m3u8|https://i.imgur.com/8sHuxxS.png
Sony Pix (720p)|https://edge2.roarzone.info:8447/roarzone/edge3/sony-pix-hd/index.m3u8|https://i.postimg.cc/Z5G8j67L/PIX-HD-WHITE.png
Sony Pix HD (1080p)|http://103.229.254.25:7001/play/a0ed/index.m3u8|https://i.postimg.cc/Z5G8j67L/PIX-HD-WHITE.png
Sony Wah (576p)|http://iptvcasomsapi.jprdigital.in/x-media/C0361/master.m3u8|https://xstreamcp-assets-msp.streamready.in/assets/LIVETV/LIVECHANNEL/LIVETV_LIVETVCHANNEL_SONY_WAH/images/LOGO_HD/image.png
Spooky Nights (1080p)|https://shls-live-enc.edgenextcdn.net/out/v1/18cffab0757d448ca6c1a686d330b346/index.m3u8|https://shahid.mbc.net/mediaObject/b0016b19-b35b-4ea6-afb9-5b74a0aac825?height=auto&width=512&croppingPoint=&version=1&type=png
Star 2 (544p)|http://cdns.jp-primehome.com:8000/zhongying/live/playlist.m3u8?cid=bs27|https://i.imgur.com/QOriZy5.png
Star 3 (544p)|http://cdns.jp-primehome.com:8000/zhongying/live/playlist.m3u8?cid=bs28|https://i.imgur.com/Z1x8ecY.png
Star Channel Latin America South (1080p)|http://181.188.216.5:18000/play/a0pm/index.m3u8|https://upload.wikimedia.org/wikipedia/commons/thumb/8/89/Star_Channel_2020.svg/960px-Star_Channel_2020.svg.png
Star Gold (576p)|http://iptvcasomsapi.jprdigital.in/x-media/C0389/master.m3u8|https://i.imgur.com/xC460sj.png
Star Gold 2 (576p)|http://iptvcasomsapi.jprdigital.in/x-media/C0390/master.m3u8|https://i.imgur.com/G0ZfzZr.png
Star Gold 2 HD (1080p)|http://103.229.254.25:7001/play/a0d0/index.m3u8|https://i.imgur.com/G0ZfzZr.png
Star Gold HD (1080p)|http://103.229.254.25:7001/play/a0dd/index.m3u8|https://i.imgur.com/xC460sj.png
Star Gold Romance (576p)|http://iptvcasomsapi.jprdigital.in/x-media/C0391/master.m3u8|https://i.imgur.com/gSWv9U3.png
Star Gold Select (576p)|http://iptvcasomsapi.jprdigital.in/x-media/C0395/master.m3u8|https://i.imgur.com/U7eiuqv.png
Star Gold Select HD (1080p)|http://103.229.254.25:7001/play/a032/index.m3u8|https://i.imgur.com/U7eiuqv.png
Star Gold Thrills (576p)|http://iptvcasomsapi.jprdigital.in/x-media/C0396/master.m3u8|https://i.imgur.com/azqtpYh.png
Star Maa Movies (576p)|http://iptvcasomsapi.jprdigital.in/x-media/C0479/master.m3u8|https://dtil.tmsimg.com/assets/s143825_ld_h15_aa.png?lock=720x540
Star Movies (576p)|http://iptvcasomsapi.jprdigital.in/x-media/C0403/master.m3u8|https://xstreamcp-assets-msp.streamready.in/assets/LIVETV/LIVECHANNEL/LIVETV_LIVETVCHANNEL_STAR_MOVIES/images/LOGO_HD/image.png
Star Movies HD (1080p)|http://iptvcasomsapi.jprdigital.in/x-media/C0439/master.m3u8|https://xstreamcp-assets-msp.streamready.in/assets/LIVETV/LIVECHANNEL/LIVETV_LIVETVCHANNEL_STAR_MOVIES/images/LOGO_HD/image.png
Star Movies Select (576p)|http://iptvcasomsapi.jprdigital.in/x-media/C0404/master.m3u8|https://xstreamcp-assets-msp.streamready.in/assets/LIVETV/LIVECHANNEL/LIVETV_LIVETVCHANNEL_STAR_MOVIES_SELECT/images/LOGO_HD/image.png
Star Movies Select HD (1080p)|http://iptvcasomsapi.jprdigital.in/x-media/C0440/master.m3u8|https://xstreamcp-assets-msp.streamready.in/assets/LIVETV/LIVECHANNEL/LIVETV_LIVETVCHANNEL_STAR_MOVIES_SELECT_HD/images/LOGO_HD/image.png
Star Suvarna Plus (576p)|http://iptvcasomsapi.jprdigital.in/x-media/C0486/master.m3u8|https://i.imgur.com/xlCOq0l.png
Star Tamil Television (360p)|https://edge4-moblive.yuppcdn.net/trans1sd/smil:strtml19.smil/playlist.m3u8?dvr=|https://i.imgur.com/fjHcr9z.jpg
Star Utsav Movies (576p)|http://iptvcasomsapi.jprdigital.in/x-media/C0322/master.m3u8|https://i.imgur.com/k5QHfH2.png
START Air|https://livetv.mylifeisgood.net.ru/channels/strwc.m3u8|https://i.imgur.com/4bACa7x.png
START World|https://livetv.mylifeisgood.net.ru/channels/strvf.m3u8|https://i.imgur.com/TXtY5eM.png
Studio One + (720p)|https://cdn-1.pishow.tv/live/276/master.m3u8|https://i.imgur.com/yOPB7JB.png
Suriyan TV (576p)|https://stream.sscloud7.com/live/suriyantv/index.m3u8|https://jiotvimages.cdn.jio.com/dare_images/images/suriyantvtamil.png
Surya Movies (576p)|http://iptvcasomsapi.jprdigital.in/x-media/C0567/master.m3u8|https://xstreamcp-assets-msp.streamready.in/assets/LIVETV/LIVECHANNEL/LIVETV_LIVETVCHANNEL_SURYA_MOVIES/images/LOGO_HD/image.png
T2 Movies|https://still-mud-3642.nqanzvyuupxwcahtfq.workers.dev/?url=https://ca-rt.onetv.app/T2Movies/index-0.m3u8|
Tamasha|https://lenz.splus.ir/PLTV/88888888/224/3221226879/index.m3u8|https://upload.wikimedia.org/wikipedia/fa/thumb/f/f2/IRIB_tamashaTV.svg/960px-IRIB_tamashaTV.svg.png
TF1 Series Films (1080p) [Geo-Blocked]|https://viamotionhsi.netplus.ch/live/eds/hd1/browser-HLS8/hd1.m3u8|https://i.imgur.com/4CJIDKQ.png
Thalaa TV (1080p)|https://streams2.sofast.tv/v1/master/611d79b11b77e2f571934fd80ca1413453772ac7/2069c593-3c07-4d62-9d44-746be5c3a5d6/manifest.m3u8|https://d229kpbsb5jevy.cloudfront.net/yuppfast/content/common/channel/logos/thalaa-tv.png
The Film Detective (720p)|https://cinedigm-entertainment-corp-thefilmdetective-1-us.ono.wurl.tv/playlist.m3u8|https://i.imgur.com/yfOwmsP.png
Tolly TV (1080p)|https://streams2.sofast.tv/v1/master/611d79b11b77e2f571934fd80ca1413453772ac7/13b5735d-52c3-4be0-853d-e0ec0127e708/manifest.m3u8|https://d229kpbsb5jevy.cloudfront.net/yuppfast/content/common/channel/logos/aumnrs.png
TV Land Drama|https://jmp2.uk/plu-5d40bebc5e3d2750a2239d7e.m3u8|https://i.imgur.com/y1rXIAS.png
TVCARiB Cinema (720p) [Not 24/7]|https://cdn.mycloudstream.io/hls/live/broadcast/l3vslw4i/index.m3u8|https://i.imgur.com/fvGlwKo.png
TVS Drive In Movie (360p)|https://rpn.bozztv.com/gusa/gusa-tvsdriveinmovie/index.m3u8|https://i.imgur.com/OR9APjb.png
TVS Film Noir Network (720p)|https://rpn.bozztv.com/trn01/gusa-TVSFilmNoir/index.m3u8|https://i.imgur.com/A4yWhQw.png
Udaya Movies (576p)|http://iptvcasomsapi.jprdigital.in/x-media/C0570/master.m3u8|https://xstreamcp-assets-msp.streamready.in/assets/LIVETV/LIVECHANNEL/LIVETV_LIVETVCHANNEL_UDAYA_MOVIES/images/LOGO_HD/image.png
Universal Cinema (480p)|http://190.2.212.209:8050/play/a0q3|https://i.imgur.com/XxfET68.png
Universal Comedy (480p)|http://190.2.212.209:8050/play/a0q4|https://i.imgur.com/avBL8pQ.png
USA Network East (1080p) [Not 24/7]|https://tvpass.org/live/USANetworkEast/hd|https://upload.wikimedia.org/wikipedia/commons/thumb/d/d7/USA_Network_logo_%282016%29.svg/960px-USA_Network_logo_%282016%29.svg.png
Viasat Kino (576p)|http://89.254.128.5:22280/viasat_kino/index.m3u8|https://i.imgur.com/io0WAkA.png
Viasat Kino Action (576p)|http://89.254.128.5:22280/viasat_kino_action/index.m3u8|https://i.imgur.com/HwsNIDK.png
Victor Valley Movies (1080p) [Not 24/7]|https://2-fss-2.streamhoster.com/pl_138/201950-5317556-1/playlist.m3u8|https://i.imgur.com/zgiuNNj.png
Vijay Super (576p)|http://iptvcasomsapi.jprdigital.in/x-media/C0470/master.m3u8|https://i.imgur.com/3MWm9nD.png
viju TV1000 ذ رƒرپرپذ؛ذ¾ذµ|http://31.148.48.15/TV1000_Russkoe_kino/index.m3u8|https://i.imgur.com/Meak2y4.png
Wildside TV (720p)|https://versatile-wildsidetv-1-fr.samsung.wurl.tv/playlist.m3u8|https://i.imgur.com/cQkfRhH.png
WOWOW Cinema (544p)|http://cdns.jp-primehome.com:8000/zhongying/live/playlist.m3u8?cid=bs07|https://i.imgur.com/Wx9fkCW.png
Xtrema Accion|https://stmv6.voxtvhd.com.br/cineaccion/cineaccion/playlist.m3u8|https://i.imgur.com/z5NwizH.png
Xtrema Cine Clasico|https://stmv6.voxtvhd.com.br/cineclasico/cineclasico/playlist.m3u8|https://i.imgur.com/j91M4Yf.png
Xtrema Terror|https://stmv6.voxtvhd.com.br/cineterror/cineterror/playlist.m3u8|https://i.imgur.com/FcaTUym.png
ZB Cinema (720p)|https://server.zillarbarta.com/ZBCINEMA/index.m3u8|https://jiotvimages.cdn.jio.com/dare_images/images/ZBCINEMA.png
Zee Action (576p)|http://iptvcasomsapi.jprdigital.in/x-media/C0531/master.m3u8|https://dtil.tmsimg.com/assets/GNLZZGG0022K5ZV.png?lock=720x540
Zee Biskope (576p)|http://iptvcasomsapi.jprdigital.in/x-media/C0561/master.m3u8|https://xstreamcp-assets-msp.streamready.in/assets/LIVETV/LIVECHANNEL/LIVETV_LIVETVCHANNEL_ZEE_BISKOPE/images/LOGO_HD/LOGO_HD_image.png
Zee Bollymovies (1080p) [Geo-blocked]|https://amg17931-zee-amg17931c8-samsung-th-6526.playouts.now.amagi.tv/playlist.m3u8|https://framerusercontent.com/images/mqfJ18x4jYe0GbZUbxSHsbnWU.png?scale-down-to=512
Zee Bollymovies Australia (1080p) [Geo-blocked]|https://amg17931-zee-amg17931c8-samsung-au-8871.playouts.now.amagi.tv/playlist.m3u8|https://framerusercontent.com/images/mqfJ18x4jYe0GbZUbxSHsbnWU.png?scale-down-to=512
Zee Bollywood (576p)|http://103.229.254.25:7001/play/a0dk/index.m3u8|https://dtil.tmsimg.com/assets/GNLZZGG0022T6DM.png?lock=720x540
Zee Chitramandir (576p)|http://iptvcasomsapi.jprdigital.in/x-media/C0351/master.m3u8|https://dtil.tmsimg.com/assets/GNLZZGG0022ZZ40.png?lock=720x540
Zee Cinema (576p)|http://iptvcasomsapi.jprdigital.in/x-media/C0517/master.m3u8|https://xstreamcp-assets-msp.streamready.in/assets/LIVETV/LIVECHANNEL/LIVETV_LIVETVCHANNEL_ZEE_CINEMA/images/LOGO_HD/LOGO_HD_image.png
Zee Cinema APAC (1080p) [Geo-blocked]|https://amg17931-zee-amg17931c5-samsung-au-8873.playouts.now.amagi.tv/playlist.m3u8|https://xstreamcp-assets-msp.streamready.in/assets/LIVETV/LIVECHANNEL/LIVETV_LIVETVCHANNEL_ZEE_CINEMA/images/LOGO_HD/LOGO_HD_image.png
Zee Cinema HD (576p)|http://iptvcasomsapi.jprdigital.in/x-media/C0538/master.m3u8|https://xstreamcp-assets-msp.streamready.in/assets/LIVETV/LIVECHANNEL/LIVETV_LIVETVCHANNEL_ZEE_CINEMA/images/LOGO_HD/LOGO_HD_image.png
Zee Cinemalu (576p)|http://iptvcasomsapi.jprdigital.in/x-media/C0544/master.m3u8|https://dtil.tmsimg.com/assets/GNLZZGG0022ZNDZ.png?lock=720x540
Zee South Flix (1080p)|https://amg00862-amg00862c9-amgplt0173.playout.now3.amagi.tv/playlist/amg00862-amg00862c9-amgplt0173/playlist.m3u8|https://d3bd0tgyk368z1.cloudfront.net/zeelg/LG%20logo%20artwork/400x200/zsouthflix.png
Zee Talkies (576p)|http://iptvcasomsapi.jprdigital.in/x-media/C0518/master.m3u8|https://xstreamcp-assets-msp.streamready.in/assets/LIVETV/LIVECHANNEL/LIVETV_LIVETVCHANNEL_ZEE_TALKIES/images/LOGO_HD/LOGO_HD_image.png
Zee Talkies HD (1080p)|http://iptvcasomsapi.jprdigital.in/x-media/C0509/master.m3u8|https://xstreamcp-assets-msp.streamready.in/assets/LIVETV/LIVECHANNEL/LIVETV_LIVETVCHANNEL_ZEE_TALKIES/images/LOGO_HD/LOGO_HD_image.png
Zee Thirai (1080p)|http://iptvcasomsapi.jprdigital.in/x-media/C0558/master.m3u8|https://xstreamcp-assets-msp.streamready.in/assets/LIVETV/LIVECHANNEL/LIVETV_LIVETVCHANNEL_ZEE_THIRAI/images/LOGO_HD/LOGO_HD_image.png
Zee Thirai SD (576p)|http://iptvcasomsapi.jprdigital.in/x-media/C0554/master.m3u8|https://xstreamcp-assets-msp.streamready.in/assets/LIVETV/LIVECHANNEL/LIVETV_LIVETVCHANNEL_ZEE_THIRAI/images/LOGO_HD/LOGO_HD_image.png
Zylo Cine Friki (1080p)|https://d2mr4fu91mjx9m.cloudfront.net/v1/master/3722c60a815c199d9c0ef36c5b73da68a62b09d1/cc-rb0tx75ojbc5u/CineFriki_ES.m3u8|https://i.imgur.com/b3Ospym.png
Zylo Cinأ© Nanar|https://zylo-cinenanar-rakuten.amagi.tv/playlist.m3u8|https://i.imgur.com/YnUZd3W.png
Zylo Cine Western (1080p)|https://d2nq34q0i1r3la.cloudfront.net/v1/master/3722c60a815c199d9c0ef36c5b73da68a62b09d1/cc-awohw8g217ho8/CineWestern_ES.m3u8|https://i.imgur.com/2UROzSc.png
Zylo Emotion' L|https://rakutenaa-zylo-emotional-rakuten-r1zkm.amagi.tv/playlist/rakutenAA-zylo-emotional-rakuten/playlist.m3u8|https://i.imgur.com/MP34aaj.png
Zylo ScreamIN|https://rakutenaa-zylo-screamin-rakuten-p11ej.amagi.tv/playlist/rakutenAA-zylo-screamin-rakuten/playlist.m3u8|https://i.imgur.com/tGmKbil.png
ذ”ذµر‚رپذ؛ذ¾ذµ ذ؛ذ¸ذ½ذ¾ International [Not 24/7]|https://autopilot.catcast.tv/content/38720/index.m3u8|https://i.imgur.com/dJqFRhQ.png
ذ”ذ¾ذ¼ ذڑذ¸ذ½ذ¾|https://streaming.thestream.cyou/live/44.m3u8|https://upload.wikimedia.org/wikipedia/commons/thumb/5/53/%D0%9B%D0%BE%D0%B3%D0%BE%D1%82%D0%B8%D0%BF_%D0%BA%D0%B0%D0%BD%D0%B0%D0%BB%D0%B0_%D0%94%D0%BE%D0%BC_%D0%9A%D0%B8%D0%BD%D0%BE.png/960px-%D0%9B%D0%BE%D0%B3%D0%BE%D1%82%D0%B8%D0%BF_%D0%BA%D0%B0%D0%BD%D0%B0%D0%BB%D0%B0_%D0%94%D0%BE%D0%BC_%D0%9A%D0%B8%D0%BD%D0%BE.png
ذ”ذ¾ذ¼ ذڑذ¸ذ½ذ¾ ذںر€ذµذ¼ذ¸رƒذ¼ HD|http://31.148.48.15/Dom_Kino_Premium_HD/index.m3u8|https://i.imgur.com/rJpQtvK.png
ذ•ذ²ر€ذ¾ذ؛ذ¸ذ½ذ¾|http://31.148.48.15/Evrokino/index.m3u8|https://i.imgur.com/8LPtPf6.png
ذکذ»ذ»رژذ·ذ¸ذ¾ذ½+|http://31.148.48.15/Illusion_plus/index.m3u8|https://i.imgur.com/9GvuHQ5.png
ذڑذ¸ذ½ذµذ؛ذ¾|http://31.148.48.15/Kineko_HD/index.m3u8|https://i.imgur.com/Otfvlmf.png
ذڑذ¸ذ½ذ¾ 1 International [Not 24/7]|http://kino-1.catcast.tv/content/38617/index.m3u8|https://i.imgur.com/zsCPLs4.png
ذڑذ¸ذ½ذ¾ذ؟ذ¾ذ؛ذ°ذ·|http://31.148.48.15/Kinopokaz/index.m3u8|https://i.imgur.com/nNjMyAq.png
ذڑذکذ‌ذ‍ذ،ذگذ¢|http://31.148.48.15/Kineko/index.m3u8|https://i.imgur.com/7KsNvBz.png
ذڑذکذ‌ذ‍ذ¢ذ’|https://vod.tuva.ru/kinotv/index.m3u8|https://i.imgur.com/sMpamNO.png
ذ‌ذ¾ذ²ر‹ذ¹ ذ رƒرپرپذ؛ذ¸ذ¹ (720p)|https://live.15plusmg.ru/memfs/f983b507-a170-41a9-85a9-d9afc6cba9c1.m3u8|https://i.imgur.com/iuRSScH.png
ذںذ°ر‚ر€ذ¸ذ¾ر‚ (576i)|http://catchup.videoline.ru/asvtv/index.m3u8|https://patriotkanal.ru/assets/cached/2025/02/resize/264_112_q100_patriot-only-logo.png
ذ ذ¾ذ´ذ½ذ¾ذµ ذڑذ¸ذ½ذ¾|http://31.148.48.15/Rodnoe_kino/index.m3u8|https://i.imgur.com/H70LxoZ.png
ذ رƒرپرپذ؛ذ¸ذ¹ ذ‘ذµرپر‚رپذµذ»ذ»ذµر€|http://31.148.48.15/Russkiy_Bestseller/index.m3u8|https://i.imgur.com/w0ZE9QJ.png
ذ رƒرپرپذ؛ذ¸ذ¹ ذ”ذµر‚ذµذ؛ر‚ذ¸ذ²|http://31.148.48.15/Russkiy_Detektiv/index.m3u8|https://i.imgur.com/H3qhN8S.png
ذ رƒرپرپذ؛ذ¸ذ¹ ذکذ»ذ»رژذ·ذ¸ذ¾ذ½|http://31.148.48.15/Russkiy_illusion/index.m3u8|https://i.imgur.com/RlsqFN8.png
ذ رƒرپرپذ؛ذ¸ذ¹ ذ ذ¾ذ¼ذ°ذ½|http://31.148.48.15/Russkiy_Roman/index.m3u8|https://i.imgur.com/cQN0P2B.png
ذ،ذ¸ر‚ذ¸ ذ­ذ´ذµذ¼ ذڑذ¸ذ½ذ¾ذگذ·ذ¸رڈ [Not 24/7]|https://cityeden.catcast.tv/content/34393/index.m3u8|https://i.imgur.com/gaket4B.png
ذ،ذ¸ر‚ذ¸ ذ­ذ´ذµذ¼ ذڑذ¸ذ½ذ¾ذگر€ر‚ [Not 24/7]|https://cityeden.catcast.tv/content/38398/index.m3u8|https://i.imgur.com/67CWCtz.png
ذ،ذ¸ر‚ذ¸ ذ­ذ´ذµذ¼ ذڑذ¸ذ½ذ¾ذ”ذµر‚ذµذ؛ر‚ذ¸ذ² [Not 24/7]|https://cityeden.catcast.tv/content/41327/index.m3u8|https://i.imgur.com/9rKHwBV.png
ذ،ذ¸ر‚ذ¸ ذ­ذ´ذµذ¼ ذڑذ¸ذ½ذ¾ذ”ر€ذ°ذ¼ذ° [Not 24/7]|https://cityeden.catcast.tv/content/45269/index.m3u8|https://i.imgur.com/29ddffh.png
ذ،ذ¸ر‚ذ¸ ذ­ذ´ذµذ¼ ذڑذ¸ذ½ذ¾ذڑذ»ذ°رپرپذ¸ذ؛ذ° [Not 24/7]|https://cityeden.catcast.tv/content/34185/index.m3u8|https://i.imgur.com/0qGCS1S.png
ذ،ذ¸ر‚ذ¸ ذ­ذ´ذµذ¼ ذڑذ¸ذ½ذ¾ذڑذ¾ذ¼ذµذ´ذ¸رڈ [Not 24/7]|https://cityeden.catcast.tv/content/41331/index.m3u8|https://i.imgur.com/Aga2XVA.png
ذ،ذ¸ر‚ذ¸ ذ­ذ´ذµذ¼ ذڑذ¸ذ½ذ¾ذœذ¸رپر‚ذ¸ذ؛ذ° [Not 24/7]|https://cityeden.catcast.tv/content/40783/index.m3u8|https://i.imgur.com/s1Pid0K.png
ذ،ذ¸ر‚ذ¸ ذ­ذ´ذµذ¼ ذڑذ¸ذ½ذ¾ذ،ذµذ¼رŒرڈ [Not 24/7]|https://v2.catcast.tv/content/38128/index.m3u8|https://i.imgur.com/YoWOZMx.png
ذ،ذ¸ر‚ذ¸ ذ­ذ´ذµذ¼ ذڑذ¸ذ½ذ¾ذ¤ذ°ذ½ر‚ذ°رپر‚ذ¸ذ؛ذ° [Not 24/7]|https://cityeden.catcast.tv/content/45268/index.m3u8|https://i.imgur.com/I64FeIO.png
ذ،ذ¸ر‚ذ¸ ذ­ذ´ذµذ¼ ذڑذ¸ذ½ذ¾ذ­ذ؛رˆذµذ½ [Not 24/7]|https://cityeden.catcast.tv/content/41333/index.m3u8|https://i.imgur.com/uuzuvD0.png
ذ،ذ¼ذ¾ر‚ر€ذ¸ذ¼ 100% ذڑذ»ذ°رپرپذ¸ذ؛ذ°|https://player.smotrim.ru/iframe/stream/live_id/78a66c7c-df38-4091-b2e1-9eeeb4c96338|https://i.imgur.com/aASNpKq.png
ذ¤ذµذ½ذ¸ذ؛رپ ذ؟ذ»رژرپ ذڑذ¸ذ½ذ¾|http://31.148.48.15/Feniks_plus_kino/index.m3u8|https://i.imgur.com/S9OPMLE.png
هٹ¨ن½œç”µه½± (1080p)|http://39.134.19.68/dbiptv.sn.chinamobile.com/PLTV/88888888/224/3221226465/index.m3u8|https://i.imgur.com/AuiVcyh.png
و±ںè‹ڈه½±è§† (576p)|http://223.110.243.134/PLTV/4/224/3221225937/index.m3u8|https://www.tvchinese.net/uploads/tv/jsys.jpg
