2x2|http://31.148.48.15/2x2/index.m3u8|https://i.imgur.com/fhQFLEl.png
7TV|http://31.148.48.15/7TV/index.m3u8|https://i.imgur.com/GpCwqUF.png
12 ذ؛ذ°ذ½ذ°ذ» (1080p)|https://12channel.bonus-tv.ru/cdn/12channel/playlist.m3u8|https://i.imgur.com/OA9hm6e.png
15+ Music (1080p)|https://live.15plusmg.ru/memfs/ce3366b1-bf25-4e24-96bb-1adf0d44bd3d.m3u8|https://i.imgur.com/kj21hwd.png
24KZ|https://tvcdn01.oktv.kz/tv/24kz/index.m3u8|https://24.kz/templates/khabar24/img/logo-new.png
100% News (576p)|http://85.238.112.40:8810/hls_sec/239.33.16.32-.m3u8|https://i.imgur.com/bSXKdK5.png
312 ذڑذ¸ذ½ذ¾ (406p)|http://176.126.166.43:1935/live/312kino/playlist.m3u8|https://i.ibb.co/3m9LrLj/k7gIibH.png
312 ذ¢ذ’ (406p)|http://176.126.166.43:1935/live/312musik/playlist.m3u8|https://i.ibb.co/S6sZvqk/iLSGi6c.png
360آ° (1080p)|https://cdn-evacoder-tv.facecast.io/evacoder_hls_hi/CkxfR1xNUAJwTgtXTBZTAJli/index.m3u8|https://i.imgur.com/VTJqdoX.png
360آ° ذ‌ذ¾ذ²ذ¾رپر‚ذ¸|https://live-vgtrksmotrim.cdnvideo.ru/vgtrksmotrim/smotrim-live-03-srt.smil/playlist.m3u8|https://i.imgur.com/YXDeX8q.png
365 ذ”ذ½ذµذ¹|http://31.148.48.15/365_dney/index.m3u8|https://i.imgur.com/NfnAiTR.png
.sci-fi|http://31.148.48.15/SONY_SCI_FI/index.m3u8|https://i.imgur.com/nSSUHcg.png
alpha Cinema (1080p)|https://live.15plusmg.ru/memfs/b389173a-df4e-4171-8904-e249893e71eb.m3u8|https://i.imgur.com/146OgfU.png
alpha Funny (1080p)|https://live.15plusmg.ru/memfs/90b76c71-a86e-488a-aac4-cb66d6f88781.m3u8|https://i.ibb.co/ZcCXw5P/alphaf.png
alpha Moretime (1080p)|https://live.15plusmg.ru/memfs/3546fc09-2eba-459d-9a1f-9a2fc39e50bd.m3u8|https://i.imgur.com/ibQfUr7.png
Amedia 1|http://31.148.48.15/A1/index.m3u8|https://i.imgur.com/2pAHdAi.png
Amedia 2|http://31.148.48.15/A2/index.m3u8|https://i.imgur.com/NqHla2V.png
Amedia Hit|http://31.148.48.15/Amedia_HIT_HD/index.m3u8|https://i.imgur.com/a8ZBGBw.png
Amedia Premium|http://31.148.48.15/Amedia_Premium_HD/index.m3u8|https://i.imgur.com/UUjehw9.png
Angel TV Russian (720p)|https://janya-digimix.akamaized.net/vglive-sk-955415/russia/ngrp:angelrussia_all/playlist.m3u8|https://i.imgur.com/qKLEGU7.png
Ani|http://31.148.48.15/Ani/index.m3u8|https://i.imgur.com/i2AP0hp.png
ARTN TV (1080p) [Not 24/7]|https://streamer1.connectto.com/ARTN_mobile/index.m3u8|
ATR (720p)|https://atr-live.cdn-01.cosmonova.net.ua/hls/atr_ua_hi/index.m3u8|https://i.imgur.com/lRJAXC7.png
Bؤƒlإ£i TV (1080p) [Geo-blocked]|http://77.89.199.174:8000/play/1024/index.m3u8|https://i.imgur.com/S1vEqZp.png
BRIDGE|http://31.148.48.15/Bridge_TV/index.m3u8|https://i.imgur.com/qYObfrG.png
BRIDGE Classic|http://31.148.48.15/Bridge_TV_Classic/index.m3u8|https://i.imgur.com/JJTQq81.png
BRIDGE Deluxe|http://31.148.48.15/Bridge_TV_HD/index.m3u8|https://i.imgur.com/EazL8w7.png
BRIDGE Hits|http://31.148.48.15/Bridge_TV_Dance/index.m3u8|https://i.imgur.com/sIW9oR4.png
CGTN ذ رƒرپرپذ؛ذ¸ذ¹ (1080p)|https://russian-livews.cgtn.com/hls/LSvexABhNipibK5KRuUkvHZ7220802LSTeze9o8tdFXMHsb1VosgoT220802cd/playlist.m3u8|https://i.imgur.com/nDWkCmL.png
Channel 9 (540p) [Not 24/7]|http://50.7.231.221:8081/185/index.m3u8?wmsAuthSign=okad|https://i.imgur.com/pttM3KQ.png
Cinema|http://catchup.videoline.ru/cinema/playlist.m3u8|https://i.imgur.com/b5e9qUA.png
DanceHits80|http://dancehits80.denvs.ru:8080/index.m3u8|https://i.imgur.com/uMw3kks.png
Dasturxon TV (576p)|https://stream8.cinerama.uz/1206/tracks-v1a1/playlist.m3u8|https://i.imgur.com/APM2ej5.jpeg
DTR Music 1 (720p)|https://kino-stream.online/hls/DTRMUSIC1.m3u8|https://i.imgur.com/3picWDA.png
DTR Zona 1 (720p)|https://kino-stream.online/hls/DTRZONA1.m3u8|https://i.imgur.com/ddPUnpQ.png
DTR Zona 2 (720p)|https://kino-stream.online/hls/DTRZONA2.m3u8|https://i.imgur.com/odKqEZu.png
DW Russian (1080p)|https://dwamdstream110.akamaized.net/hls/live/2017971/dwstream110/master.m3u8|https://i.imgur.com/8MRNFb9.png
ETV+ (720p)|https://sb.err.ee/live/etvpluss.m3u8|https://upload.wikimedia.org/wikipedia/commons/a/a2/ETV%2B_logo.png
Europa Plus TV|http://31.148.48.15/Europa_Plus_HD/index.m3u8|https://i.imgur.com/GLc4qrc.png
FAN|http://31.148.48.15/Fan/index.m3u8|https://i.imgur.com/mDeTbaF.png
FON Music|https://cdn-01.bonus-tv.ru/tntmusic/playlist.m3u8|https://i.imgur.com/tXABQDE.png
FoodTime|http://31.148.48.15/Eda_Premium_HD/index.m3u8|https://i.imgur.com/gxCYAwH.png
Freedom (FREEذ”OM) (UATV) (720p)|https://freedom.cdn-01.cosmonova.net.ua/mobile-app/main/freedom/master.m3u8|https://upload.wikimedia.org/wikipedia/commons/thumb/f/f2/FreeDOMUAlogo.svg/960px-FreeDOMUAlogo.svg.png
HDL|http://31.148.48.15/HD_Life/index.m3u8|https://i.imgur.com/tKgmhxh.png
Hollywood|http://31.148.48.15/AMC/index.m3u8|https://i.imgur.com/1j7cT2I.png
Kanal Dom (720p)|https://kanaldom.cdn-05.cosmonova.net.ua/hls/kanaldom_ua_hi/index.m3u8|https://i.imgur.com/HJCXEvY.png
KHL|http://31.148.48.15/KHL_TV/index.m3u8|https://i.imgur.com/RgdHdOV.png
KHL Prime|http://31.148.48.15/KHL_TV_HD/index.m3u8|https://i.imgur.com/pwxT0ON.png
KidZone Max (1080p) [Geo-blocked]|https://v4-pan-n79-cdn-01.live.cdn.cgates.lt/live/dash/560706/index.mpd|https://i.imgur.com/qJSvxE2.png
Kino 24|http://sirius.greenhosting.ru/Kino24Ru/video.m3u8|https://i.imgur.com/QAdDARF.png
Leomax 24 (1080p)|https://tvshops.bonus-tv.ru/cdn/shop24/playlist.m3u8|https://i.imgur.com/qU9ohQu.png
Life TV (432p) [Not 24/7]|http://lifetv.bitflip.ee/live/stream1_1/index.m3u8|https://i.imgur.com/JhrTB82.png
Love Nature (1080p)|https://aegis-cloudfront-1.tubi.video/6d6d0f24-8445-4b4c-bdf6-44f9e38beaa4/playlist.m3u8|https://tv.lovenature.com/wp-content/uploads/2024/10/LoveNature2024_Logo_full_colour-copy.png
Manأ، Tserkov' Onlayn (1080p) [Not 24/7]|https://w2.manasat.com/tserkov-online/smil:tserkov-online.smil/playlist.m3u8|https://i.imgur.com/PruXLqS.png
Maإ„اµystaأ½ (540p) [Not 24/7]|https://stream.kaztrk.kz/regional/mangystautv/index.m3u8|https://i.imgur.com/9JfLseu.png
Match! Strana|http://31.148.48.15/Match_Strana/index.m3u8|https://i.imgur.com/X02s2UE.png
MMA TV.com (1080p)|https://streams2.sofast.tv/vglive-sk-462904/playlist.m3u8|https://i.imgur.com/QhdxNsB.png
Moldova 1 (1080p)|https://v0.trm.md/static/streaming-playlists/hls/9b79338b-1870-4cd7-91d4-0f6ce5cac7ca/master.m3u8|https://i.imgur.com/ZbQY56v.png
Moldova 2 (1080p)|https://v0.trm.md/static/streaming-playlists/hls/d5fafab0-9c37-4746-9e7a-b2d6c0427015/master.m3u8|https://i.imgur.com/Hv6Nk8A.png
Movify Kino (576p)|https://void.greenhosting.ru/MovifyKino_Mpeg4/index.m3u8|https://i.imgur.com/XIk5EJN.png
Multimania (Latvia) (576p)|https://void.greenhosting.ru/Multimania_Mpeg4/index.m3u8|https://i.imgur.com/J9Lwc0T.png
MuzzOne|https://streams.adapto.kz/hls/live/muzzone/main_stream.m3u8|https://i.imgur.com/nHVABXh.png
MyZen TV (1080p)|https://cdn-ue1-prod.tsv2.amagi.tv/linear/amg01255-secomcofites-my-myzen-en-plex/playlist.m3u8|https://i.imgur.com/fIi8o0C.png
N4 (360p) [Not 24/7]|https://web.sats.gstv.tech/cpl11/da8df281-1165-440a-8c86-959f71b695b6/N4web.m3u8|https://i.imgur.com/W9UwCv7.png
Next TV (1080p) [Not 24/7]|http://gohoski.fvds.ru:3000/mediabay/601/playlist.m3u8|https://i.imgur.com/9MiwdgD.png
Nickelodeon (576p)|http://195.64.140.147:10121/121|https://upload.wikimedia.org/wikipedia/commons/thumb/e/e5/Nickelodeon_2023_logo_%28outline%29.svg/960px-Nickelodeon_2023_logo_%28outline%29.svg.png
NSC+ (720p)|https://live.15plusmg.ru/memfs/5a03fc7a-8417-4874-b56f-91b8aeba1210.m3u8|https://i.imgur.com/6k9LYOw.png
O'zbekiston (576p)|https://stream8.cinerama.uz/1001/tracks-v1a1/playlist.m3u8|https://i.imgur.com/QUIIhTD.png
Planeta-RTR|https://player.smotrim.ru/iframe/stream/live_id/1525504b-449d-432d-ab5d-1f11081f8603|https://i.imgur.com/0YEahxs.png
Pro100TV|https://sirius.greenhosting.ru/Pro100tvRu/video.m3u8|https://i.imgur.com/YfQEflM.png
Qazaqstan International (1080p)|https://qazaqstantv-stream.qazcdn.com/international/international/playlist.m3u8|https://cdn.qazaqstan.tv/qazaqstan.png?w=420&h=196&format=png&resize=aspectfill&g=centeralt=
RT Documentary Russian (1080p)|https://rt-doc.rttv.com/dvr/rtdru/playlist.m3u8|https://i.imgur.com/aeu5zIC.png
RTG TV|http://31.148.48.15/RTG/index.m3u8|https://i.imgur.com/ZMKPAho.png
RU.TV|http://31.148.48.15/RU_TV/index.m3u8|https://i.imgur.com/Z7HUU7V.png
Sevimli TV (1080p)|https://stream8.cinerama.uz/1017/tracks-v1a1/playlist.m3u8|https://i.imgur.com/iMwzRlr.png
Shopping Live (576p) [Not 24/7]|http://serv30.vintera.tv:8081/shoppinglive/shoppinglive_stream/playlist.m3u8|https://i.imgur.com/EMmGnjV.png
Silk Way|https://dash2.antik.sk/live/test_qazaq_tv_tizen/playlist.m3u8|https://i.imgur.com/SJNDksF.png
Sochi Live HD (720p) [Not 24/7]|http://serv30.vintera.tv:8081/sochi/sochi_stream/playlist.m3u8|https://www.cableman.ru/sites/default/files/sochi_live.png
SONGTV Russia|https://songtv.hls.iptvdc.com/web-russia/playlist.m3u8|https://i.imgur.com/nM7LbmV.png
START Air|https://livetv.mylifeisgood.net.ru/channels/strwc.m3u8|https://i.imgur.com/4bACa7x.png
START World|https://livetv.mylifeisgood.net.ru/channels/strvf.m3u8|https://i.imgur.com/TXtY5eM.png
STS kids|http://31.148.48.15/STS_Kids_HD/index.m3u8|https://i.imgur.com/o9kLpAL.png
like Gecko) Chrome/144.0.0.0 Safari/537.36" group-title="Family",STS Love (576i)|https://cdn4.skygo.mn/live/disk1/Fashion_TV/HLSv3-FTA/Fashion_TV.m3u8|https://i.imgur.com/YBVZoDd.png
TBN Baltia (1080p)|http://dc.tbnbaltia.eu:8088/dvr/rewind-21600.m3u8|https://i.imgur.com/rKBaK56.png
TERRA|https://livetv.mylifeisgood.net.ru/channels/terra.m3u8|https://i.imgur.com/ZxUjCpF.png
TMB TV|https://raw.githubusercontent.com/UzunMuhalefet/streams/refs/heads/main/myvideo-az/tmb-azerbaycan.m3u8|https://i.imgur.com/28AyWHe.png
Travel+Adventure|http://31.148.48.15/Travel_Adventure_HD/index.m3u8|https://i.imgur.com/AlpdXC4.png
Tsargrad TV (1080p) [Geo-blocked]|https://bl.rutube.ru/livestream/91815da4edb167b5bd617bae490e57da/index.m3u8?e=2070278263&s=is_mLq_kjPYLsOJ4qj85tw&scheme=https|https://i.imgur.com/34RINpb.png
Tأ¼rkmenistan (406p) [Not 24/7]|https://alpha.tv.online.tm/hls/ch007.m3u8|https://i.imgur.com/iBBpBx4.png
TV1 KG (1080p)|http://212.2.225.30:1935/live/site.stream/playlist.m3u8|https://i.imgur.com/Mti9t9C.png
TV15 (1080p) [Not 24/7]|http://gohoski.fvds.ru:3000/mediabay/655/playlist.m3u8|https://i.ibb.co/1byxRtp/tv15.png
TV BRICS Russian (1080p)|https://rusbrics.mediacdn.ru/cdn/brics/russian/playlist.m3u8|https://i.imgur.com/vLpm8tN.png
TV Manأ، Russkiy (1080p)|https://w1.manasat.com/tvmana-leste/smil:tvmana-leste.smil/playlist.m3u8|https://i.imgur.com/fACHqmY.png
TV PRO|http://rtmp.tvpro-online.ru/hls/ch1.m3u8|https://i.imgur.com/sbuSefI.png
TV XXI|http://31.148.48.15/TV_XXI/index.m3u8|https://i.imgur.com/Fja4bWt.png
TV-Nord (1080p)|https://6065d3147e895.streamlock.net:4444/npcl/live/playlist.m3u8|https://i.imgur.com/86JYRVH.png
Univer TV (1080p)|https://cdn.universmotri.ru/live/smil:univer.smil/playlist.m3u8|https://i.imgur.com/r3u0mxr.png
UzReport TV (1080p)|https://stream8.cinerama.uz/1015/tracks-v1a1/playlist.m3u8|https://i.imgur.com/Bch2RHc.jpg
Viasat Kino (576p)|http://89.254.128.5:22280/viasat_kino/index.m3u8|https://i.imgur.com/io0WAkA.png
Viasat Kino Action (576p)|http://89.254.128.5:22280/viasat_kino_action/index.m3u8|https://i.imgur.com/HwsNIDK.png
viju TV1000 ذ رƒرپرپذ؛ذ¾ذµ|http://31.148.48.15/TV1000_Russkoe_kino/index.m3u8|https://i.imgur.com/Meak2y4.png
VITAL Drive|https://autopilot.catcast.tv/content/37909/index.m3u8|https://i.imgur.com/XoR9zLh.png
VIVA Russia (1080p)|https://live20.bozztv.com/akamaissh101/ssh101/vivarussia/chunks.m3u8|https://i.imgur.com/OFhQQCD.png
Zo'r TV (576p)|https://stream8.cinerama.uz/1016/tracks-v1a1/mono.m3u8|https://i.imgur.com/NuzyhVM.png
ذگذ‘ذگذ—ذگ-ذ¢ذ’|https://public.apsny.camera/tv_abaza_tv_to_site/index.m3u8|https://i.imgur.com/7Jo7UAf.png
ذگذ²ر‚ذ¾ ذںذ»رژرپ|http://31.148.48.15/Avto_Plus/index.m3u8|https://i.imgur.com/sVc8cFt.png
ذگذ¸رپر‚ ذ¢ذ’|http://live2-aisttv.cdnvideo.ru/aisttv2/aisttv.sdp/playlist.m3u8|https://i.imgur.com/bcw0s4V.png
ذگر€ذ¸رپ 24 (720p) [Not 24/7]|http://serv25.vintera.tv:8081/test/aris/playlist.m3u8|https://i.imgur.com/CTFVEAb.png
ذگر€ذ؛ر‚ذ¸ذ؛ذ° 24 (ذگر€ر…ذ°ذ½ذ³ذµذ»رŒرپذ؛)|https://vgtrkregion-reg.cdnvideo.ru/vgtrk/arhangelsk/arktika24-hd/index.m3u8|https://i.imgur.com/kmbdyr6.png
ذگر€ر…ر‹ذ· 24 (1080p)|https://live.mediacdn.ru/sr1/arhis24/playlist.m3u8|https://i.imgur.com/blAtdkJ.png
ذگرپر‚ر€ذ°ر…ذ°ذ½رŒ 24 (720p)|https://streaming.astrakhan.ru/astrakhan24/playlist.m3u8|https://i.imgur.com/9WcnjQN.png
ذگرپر‚ر€ذ°ر…ذ°ذ½رŒ.Ru Sport (720p)|https://streaming.astrakhan.ru/astrakhanrusporthd/playlist.m3u8|https://i.imgur.com/BKaEtqL.png
ذگرپر‚ر€ذ°ر…ذ°ذ½رŒ.Ru TV (480p)|https://streaming.astrakhan.ru/astrakhanrulivehd/playlist.m3u8|https://i.imgur.com/w4ys6zm.png
ذ‘ذ°رˆذ؛ذ¾ر€ر‚ذ¾رپر‚ذ°ذ½ 24|https://vgtrkregion-reg.cdnvideo.ru/vgtrk/ufa/bashkortostan24-hd/index.m3u8|https://i.imgur.com/s34Wtz6.png
ذ‘ذµذ»ذ°ر€رƒرپرŒ 2 (1080p)|https://ngtrk.dc.beltelecom.by/ngtrk/smil:belarus2.smil/playlist.m3u8|https://i.imgur.com/BpEHpPS.png
ذ‘ذµذ»ذ°ر€رƒرپرŒ 3 (1080p) [Not 24/7]|https://ngtrk.dc.beltelecom.by/ngtrk/smil:belarus3.smil/playlist.m3u8|https://i.imgur.com/JkcDycn.png
ذ‘ذµذ»ذ°ر€رƒرپرŒ 5 (1080p) [Not 24/7]|https://ngtrk.dc.beltelecom.by/ngtrk/smil:belarus5.smil/playlist.m3u8|https://i.imgur.com/NJsRFud.png
ذ‘ذµذ»ذ°ر€رƒرپرŒ 5 ذکذ½ر‚ذµر€ذ½ذµر‚ (1080p) [Not 24/7]|https://edge59.dc.beltelecom.by/ngtrk/smil:belarus5int.smil/playlist.m3u8|https://i.imgur.com/NJsRFud.png
ذ‘ذµذ»ذ°ر€رƒرپرŒ 24 (1080p)|https://ngtrk.dc.beltelecom.by/ngtrk/smil:belarus24.smil/playlist.m3u8|https://i.imgur.com/BP7tY6F.png
ذ‘ذµذ»ذ³ذ¾ر€ذ¾ذ´ 24 (1080p)|https://belnovosti.cdn.easyhoster.ru:8443/stream.m3u8|https://i.imgur.com/EEirvyx.png
ذ‘ذµذ»ذ ذ¾رپ (576p)|https://live2.mediacdn.ru/sr1/tro/playlist.m3u8|https://i.imgur.com/tUF33HD.png
ذ‘ذ¾ذ؛رپ ذ¢ذ’|http://31.148.48.15/Boks_TV/index.m3u8|https://i.imgur.com/R1UjyfX.png
ذ‘ذ¾ذ»رŒرˆذ°رڈ ذگذ·ذ¸رڈ|http://live-bigasia.cdnvideo.ru/bigasia/bigasia.smil/playlist.m3u8|https://i.imgur.com/vruuPKF.png
ذ‘ذ،ذ¢ (ذ‘ذ°رˆذ؛ذ¸ر€رپذ؛ذ¾ذµ رپذ؟رƒر‚ذ½ذ¸ذ؛ذ¾ذ²ذ¾ذµ ر‚ذµذ»ذµذ²ذ¸ذ´ذµذ½ذ¸ذµ) (576p)|https://bsttv.bonus-tv.ru/cdn/bst/playlist.m3u8|https://i.imgur.com/IDotHmQ.png
ذ’ذµر€ذ° 24|https://5f05e059699ae.streamlock.net/WEB_Vera24/ngrp:Vera24.stream-adaptive/playlist.m3u8|https://i.imgur.com/Qer5Lnh.png
ذ’ذµرپر‚ذ¸ ذ¤ذœ|https://player.smotrim.ru/iframe/stream/live_id/0487fd79-60e6-4333-a545-909d6e015173|https://i.imgur.com/ZBHqSZj.png
ذ’ذµر‚ر‚ذ° 24 (ذںذµر€ذ¼رŒ) (576p) [Not 24/7]|http://serv24.vintera.tv:8081/vetta/vetta_office/playlist.m3u8|https://i.imgur.com/zKH1b5k.png
ذ’ذ¼ذµرپر‚ذµ ذ ذ¤|https://qcpdqumitwf.a.trbcdn.net/livemastersrt/pr4mw_lvie-vmesterf-srt.smil/playlist.m3u8|https://i.imgur.com/KI1qZNc.png
ذ’ذ¾ذ»ذ³ذ° (HD)|http://tele2dvrnat01-02.cdnvideo.ru/stream/NAT_Volga/hls/1920x1080@4504/playlist.m3u8|https://i.imgur.com/xHs1pr1.png
ذ’ذ¾ذ»ذ³ذ¾ذ³ر€ذ°ذ´ 24|https://vgtrkregion-reg.cdnvideo.ru/vgtrk/volgograd/russia1-hd/index.m3u8|https://i.imgur.com/gFMnaU5.png
ذ’ذ¾رپر‚ذ¾ذ؛ 24 (ذ’ذ»ذ°ذ´ذ¸ذ²ذ¾رپر‚ذ¾ذ؛)|https://vgtrkregion-reg.cdnvideo.ru/vgtrk/vladivostok/vostok24-hd/index.m3u8|https://i.imgur.com/YEXDsMn.png
like Gecko) Chrome/144.0.0.0 Safari/537.36" group-title="Undefined",ذ’ر€ذµذ¼رڈ (720p)|https://cdn4.skygo.mn/live/disk1/Vremya/HLSv3-FTA/Vremya.m3u8|https://i.imgur.com/jZlj3ga.png
ذ“رƒذ±ذµر€ذ½ذ¸رڈ (ذ،ذ°ذ¼ذ°ر€ذ°) (576p)|http://live.guberniatv.cdnvideo.ru/guberniatv/guberniatv.sdp/playlist.m3u8|https://i.imgur.com/IlL57Rm.png
ذ”ذ°ذ³ذµرپر‚ذ°ذ½ (1080p)|https://dagestan.mediacdn.ru/cdn/dagestan/playlist.m3u8|https://i.imgur.com/jumkRvc.png
ذ”ذµر‚رپذ؛ذ¾ذµ ذ؛ذ¸ذ½ذ¾ International [Not 24/7]|https://autopilot.catcast.tv/content/38720/index.m3u8|https://i.imgur.com/dJqFRhQ.png
ذ”ذ¾ذ¶ذ´رŒ (1080p) [Geo-blocked]|https://wl.tvrain.tv/transcode/ngrp:ses_all/playlist.m3u8|https://upload.wikimedia.org/wikipedia/commons/thumb/a/ad/Tvrain.svg/960px-Tvrain.svg.png
ذ”ذ¾ذ؛ر‚ذ¾ر€|http://31.148.48.15/Doktor/index.m3u8|https://i.imgur.com/VNirxxn.png
ذ”ذ¾ذ¼ ذڑذ¸ذ½ذ¾|https://streaming.thestream.cyou/live/44.m3u8|https://upload.wikimedia.org/wikipedia/commons/thumb/5/53/%D0%9B%D0%BE%D0%B3%D0%BE%D1%82%D0%B8%D0%BF_%D0%BA%D0%B0%D0%BD%D0%B0%D0%BB%D0%B0_%D0%94%D0%BE%D0%BC_%D0%9A%D0%B8%D0%BD%D0%BE.png/960px-%D0%9B%D0%BE%D0%B3%D0%BE%D1%82%D0%B8%D0%BF_%D0%BA%D0%B0%D0%BD%D0%B0%D0%BB%D0%B0_%D0%94%D0%BE%D0%BC_%D0%9A%D0%B8%D0%BD%D0%BE.png
ذ”ذ¾ذ¼ ذڑذ¸ذ½ذ¾ ذںر€ذµذ¼ذ¸رƒذ¼ HD|http://31.148.48.15/Dom_Kino_Premium_HD/index.m3u8|https://i.imgur.com/rJpQtvK.png
ذ”ذ¾ذ¼ذ°رˆذ½ذ¸ذ¹ (540p) [Geo-blocked]|https://zabava-htlive.cdn.ngenix.net/hls/CH_DOMASHNIY/variant.m3u8|https://i.imgur.com/XVRwgom.png
like Gecko) Chrome/144.0.0.0 Safari/537.36" group-title="Lifestyle",ذ”ذ¾ذ¼ذ°رˆذ½ذ¸ذ¹ International|https://cdn4.skygo.mn/live/disk1/Domashni/HLSv3-FTA/Domashni.m3u8|https://i.imgur.com/nf7GRXb.png
ذ”ذ¾ذ½ 24|https://donmedia.bonus-tv.ru/cdn/donmedia/playlist.m3u8|https://i.imgur.com/fW15la1.png
like Gecko) Chrome/144.0.0.0 Safari/537.36" group-title="Legislative",ذ”رƒذ¼ذ° ذ¢ذ’ [Not 24/7]|https://dumatv.iptv2022.com/playlist.m3u8|https://i.imgur.com/JvlO3PU.png
ذ•ذ²ر€ذ°ذ·ذ¸رڈ (ذ‍ر€رپذ؛) (720p)|https://infochh.trkeurasia.ru/hlsinfoch/infochhd.m3u8|https://i.imgur.com/4JUHIVS.png
ذ•ذ²ر€ذ¾ذ؛ذ¸ذ½ذ¾|http://31.148.48.15/Evrokino/index.m3u8|https://i.imgur.com/8LPtPf6.png
ذ•ذ½ذ¸رپذµذ¹ (1080p) [Not 24/7]|https://hls-eniseytv.cdnvideo.ru/eniseytv/stream1/playlist.m3u8|https://i.imgur.com/57deE7f.png
ذ–ذ°ر€ذ° TV|http://31.148.48.15/Zhara/index.m3u8|https://i.imgur.com/41K9Y2s.png
ذ–ذ¸ذ²ذ°رڈ ذںذ»ذ°ذ½ذµر‚ذ°|http://31.148.48.15/Zhivaya_Planeta/index.m3u8|https://i.imgur.com/onNv1tM.png
ذ–ذکذ’ذک!|http://31.148.48.15/Zhivi/index.m3u8|https://i.imgur.com/LPqySGk.png
ذ—ذ°!ذ¢ذ’|https://streaming.televizor-24-tochka.ru/live/25.m3u8|https://i.imgur.com/pVPTl8J.png
ذ—ذ°ذ؟ذ°ذ´ 24 (ذڑذ°ذ»ذ¸ذ½ذ¸ذ½ذ³ر€ذ°ذ´)|https://vgtrkregion-reg.cdnvideo.ru/vgtrk/kaliningrad/zapad24-hd/index.m3u8|https://i.imgur.com/HerCP0u.png
ذ—ذ²ذµذ·ذ´ذ° (1080p) [Not 24/7]|https://tvchannelstream1.tvzvezda.ru/cdn/tvzvezda/playlist.m3u8|https://i.imgur.com/4PAcpfM.png
ذ—ذ²ذµذ·ذ´ذ° ذںذ»رژرپ|http://tvzvezda.bonus-tv.ru/cdn/zvezdaplus/playlist.m3u8|https://i.imgur.com/NNmjD9Z.png
ذ—ذ´ذ¾ر€ذ¾ذ²ذ¾ذµ ذ¢ذ’|http://31.148.48.15/Zdorovoe_TV/index.m3u8|https://i.imgur.com/jedtE5l.png
ذ—ذ¾ذ¾ ذ¢ذ’|http://31.148.48.15/Zoo_TV/index.m3u8|https://i.imgur.com/p7WzqGS.png
ذکذ·ذ²ذµرپر‚ذ¸رڈ|http://igi-hls.cdnvideo.ru/igi/igi_tcode/playlist.m3u8|https://i.imgur.com/r5HzA6J.png
ذکذ»ذ»رژذ·ذ¸ذ¾ذ½+|http://31.148.48.15/Illusion_plus/index.m3u8|https://i.imgur.com/9GvuHQ5.png
ذکذ½ذ³رƒرˆذµر‚ذ¸رڈ ذ¢ذ’|https://ingushetia.mediacdn.ru/cdn/ingushetia/playlist.m3u8|https://i.imgur.com/Fw2Hkk4.png
ذکذ½ذ´ذ¸رڈ|http://31.148.48.15/Zee_TV_Russia/index.m3u8|https://i.imgur.com/xDVcDOc.png
ذکرپر‚ذ¾ر€ذ¸رڈ|http://31.148.48.15/Istoriya/index.m3u8|https://i.imgur.com/eEjPail.png
ذڑ16 (ذ،ذ°ر€ذ¾ذ²) (406p) [Not 24/7]|http://serv25.vintera.tv:8081/test/k16/playlist.m3u8|https://i.imgur.com/7tNDKHe.png
ذڑذ°ذ²ذ؛ذ°ذ· 24 (ذ،ر‚ذ°ذ²ر€ذ¾ذ؟ذ¾ذ»رŒ)|https://vgtrkregion-reg.cdnvideo.ru/vgtrk/stavropol/kavkaz24-hd/index.m3u8|https://i.imgur.com/DyJw1Pi.png
ذڑذ°ر€رƒرپذµذ»رŒ (540p) [Geo-blocked]|https://zabava-htlive.cdn.ngenix.net/hls/CH_KARUSEL/variant.m3u8|https://i.imgur.com/4wmnx1W.png
like Gecko) Chrome/144.0.0.0 Safari/537.36" group-title="Kids",ذڑذ°ر€رƒرپذµذ»رŒ International|https://cdn4.skygo.mn/live/disk1/Karusel/HLSv3-FTA/Karusel.m3u8|https://i.imgur.com/DnlngRZ.png
ذڑذ’ذ‌ ذ¢ذ’|http://31.148.48.15/KVN_TV/index.m3u8|https://i.imgur.com/Vw3LFLX.png
ذڑذ¸ذ½ذµذ؛ذ¾|http://31.148.48.15/Kineko_HD/index.m3u8|https://i.imgur.com/Otfvlmf.png
ذڑذ¸ذ½ذ¾ 1 International [Not 24/7]|http://kino-1.catcast.tv/content/38617/index.m3u8|https://i.imgur.com/zsCPLs4.png
ذڑذ¸ذ½ذ¾ذ؟ذ¾ذ؛ذ°ذ·|http://31.148.48.15/Kinopokaz/index.m3u8|https://i.imgur.com/nNjMyAq.png
ذڑذکذ‌ذ‍ذ،ذگذ¢|http://31.148.48.15/Kineko/index.m3u8|https://i.imgur.com/7KsNvBz.png
ذڑذکذ‌ذ‍ذ¢ذ’|https://vod.tuva.ru/kinotv/index.m3u8|https://i.imgur.com/sMpamNO.png
ذڑذ¾ذ½ذ½ر‹ذ¹ ذœذ¸ر€|https://cdn-01.bonus-tv.ru/kmir/playlist.m3u8|https://i.imgur.com/X6otbK0.png
ذڑر€ذ°رپذ½ذ°رڈ ذ»ذ¸ذ½ذ¸رڈ|http://s55766.cdn.ngenix.net/s55766-media-origin/rline_high/index.m3u8|https://i.imgur.com/TgZ8Uv1.png
ذڑذ ذکذڑ-ذ¢ذ’ (ذ•ذ؛ذ°ر‚ذµر€ذ¸ذ½ذ±رƒر€ذ³)|http://cdn-01.bonus-tv.ru/kriktv_edge/playlist.m3u8|https://i.imgur.com/rtuChZR.png
ذڑر€ر‹ذ¼ 24|https://cdn.1tvcrimea.ru/24tvcrimea.m3u8|https://i.imgur.com/k4C0uvp.png
ذڑذ¢ذڑ (1080p) [Not 24/7]|https://wz-kt.ktk.kz/ktklive/smil:ktk-live.smil/playlist.m3u8|https://i.imgur.com/BurrNTo.png
ذڑر‚ذ¾ ذµرپر‚رŒ ذڑر‚ذ¾|http://31.148.48.15/Kto_est_kto/index.m3u8|https://i.imgur.com/PmD17UQ.png
ذڑرƒذ±ذ°ذ½رŒ 24 [Geo-blocked]|https://rt-sth-krdar-htlive.cdn.ngenix.net/hls/CH_R04_KUBAN24/variant.m3u8|https://i.imgur.com/atzrXcz.png
ذڑرƒذ»رŒر‚رƒر€ذ° (540p) [Geo-blocked]|https://zabava-htlive.cdn.ngenix.net/hls/CH_RUSSIAK/variant.m3u8|https://upload.wikimedia.org/wikipedia/commons/thumb/4/45/Russia-Cultura.svg/960px-Russia-Cultura.svg.png
ذڑرƒر€ذ°ذ¹ (ذ£ر„ذ°) (576p)|https://bsttv.bonus-tv.ru/cdn/kurai/playlist.m3u8|https://i.imgur.com/hZXBD9F.png
ذڑرƒر…ذ½رڈ ذ¢ذ’|http://31.148.48.15/Kuhnya_TV/index.m3u8|https://i.imgur.com/7jxZnuS.png
ذ›ذ”ذںذ  ذ¢ذ’ (1080p)|http://46.46.143.222:1935/live/mp4:ldpr.stream/playlist.m3u8|https://i.imgur.com/gCmCRfe.png
ذ›ذµذ³ذµذ½ذ´ذ°ر€ذ½ر‹ذ¹ 24|https://sevas.1tvcrimea.ru/legendarniy24.m3u8|https://i.imgur.com/z9t6x8B.png
ذ›ذµذ½ ذ¢ذ’ 24 (540p) [Geo-blocked]|https://rt-nw-spb-htlive.cdn.ngenix.net/hls/CH_R02_LENTVSD/variant.m3u8|https://i.imgur.com/d02uxkB.png
ذ›رƒذ³ذ°ذ½رپذ؛ 24|https://streaming.televizor-24-tochka.ru/live/29.m3u8|https://i.imgur.com/AihoVc0.png
ذ›رƒر‡|https://mow-9-ll.facecast.io:8443/hls_re/c631505e4fd6d14665c0.m3u8|https://i.imgur.com/tXH51br.png
ذœذ°ذ³ذ½ذ°ر‚ ذ¢ذ’|https://s1.tv-nano.com/Magnat_HD_5119705/video.m3u8|https://i.imgur.com/r485aZL.png
ذœذ°ذ¼ذ°|http://31.148.48.15/Mama/index.m3u8|https://i.imgur.com/kmMIjjf.png
ذœذ°ر‚رƒر€ ذ¢ذ’ (1080p)|https://public.streaming.matur-tv.ru/hls/h264_aac/stream.m3u8|https://i.imgur.com/Pg7K7eV.png
ذœذگذ¢ذ§! ذگر€ذµذ½ذ°|http://31.148.48.15/Match_Arena/index.m3u8|https://i.imgur.com/udTzwzu.png
ذœذگذ¢ذ§! ذ‘ذ¾ذµر†|http://31.148.48.15/Match_Boec/index.m3u8|https://i.imgur.com/DogOkA4.png
ذœذگذ¢ذ§! ذکذ³ر€ذ°|http://31.148.48.15/Match_Igra/index.m3u8|https://i.imgur.com/5XWpF19.png
like Gecko) Chrome/144.0.0.0 Safari/537.36" group-title="Sports",ذœذ°ر‚ر‡! ذںذ»ذ°ذ½ذµر‚ذ° (720p)|https://cdn4.skygo.mn/live/disk1/Match_Planeta/HLSv3-FTA/Match_Planeta.m3u8|https://i.imgur.com/vhyMb9D.png
ذœذ¸ذ»ذ»ذµر‚ (720p)|https://live1.1tvcrimea.ru/milletlive.m3u8|https://i.imgur.com/hUjLRLy.png
ذœذ¸ر€ (1080p) [Not 24/7]|http://hls.mirtv.cdnvideo.ru/mirtv-parampublish/mirtv_2500/playlist.m3u8|https://i.imgur.com/AqWaJT8.png
ذœذ¸ر€ 24 (1080p)|http://hls.mirtv.cdnvideo.ru/mirtv-parampublish/mir24_2500/playlist.m3u8|https://i.imgur.com/dj9c8Yd.png
ذœذ¸ر€ +2 (540p) [Not 24/7]|http://hls.mirtv.cdnvideo.ru/mirtv-parampublish/mirtv2_2500/playlist.m3u8|https://i.imgur.com/AqWaJT8.png
ذœذ¸ر€ +4 (540p) [Not 24/7]|http://hls.mirtv.cdnvideo.ru/mirtv-parampublish/mirtv3_2500/playlist.m3u8|https://i.imgur.com/AqWaJT8.png
ذœذ¸ر€ +7 (540p)|http://hls.mirtv.cdnvideo.ru/mirtv-parampublish/mirtv7_2500/playlist.m3u8|https://i.imgur.com/AqWaJT8.png
ذœذ¸ر€ ذ‘ذµذ»ذ°ذ³ذ¾ر€رŒرڈ (720p) [Geo-blocked]|http://mirbelogorya.ru:8080/mirbelogorya/index.m3u8|https://mirbelogorya.ru/images/logo/Logo_Mir_Belogorya_purple_gradient.png
ذœذ¸ر€ ذ،ذµر€ذ¸ذ°ذ»ذ°|http://31.148.48.15/Mir_Seriala/index.m3u8|https://i.imgur.com/uzj7wVp.png
ذœذ¾رپذ؛ذ²ذ° 24|https://player.smotrim.ru/iframe/stream/live_id/efab3cbe-a29c-45f0-9596-5cb4f1ce7fbe|https://i.imgur.com/gXbUMVy.png
ذœذ¾رپذ‍ذ±ر€ذ¢ذ’ (720p)|http://retc.educom.ru/mosobrtv/tv1/index.m3u8|https://i.imgur.com/t6PmOD5.png
ذœذ¾رڈ ذںذ»ذ°ذ½ذµر‚ذ°|http://31.148.48.15/Moya_Planeta_HD/index.m3u8|https://i.imgur.com/uIiAdBv.png
ذœذ¢ذ’ (ذ’ذ¾ذ»ذ³ذ¾ذ³ر€ذ°ذ´) (720p) [Not 24/7]|http://hls.volgograd1vtv.cdnvideo.ru/volgograd1vtv/volgograd1vtv.sdp/playlist.m3u8|https://i.imgur.com/pdCAUrP.png
ذœذ¢ذ ذڑ (576p) [Not 24/7]|https://tvcdn01.oktv.kz/tv/mtrk/playlist.m3u8|https://i.imgur.com/XMyRwDk.png
ذœرƒذ· رپذ¾رژذ· (576p)|https://hls-tvsoyuz.cdnvideo.ru/tvsoyuz2/muzsoyuz.6fw0-58xp-acts-esy0/playlist.m3u8|https://i.imgur.com/Puk1Bhx.png
like Gecko) Chrome/144.0.0.0 Safari/537.36" group-title="Music",ذœرƒذ·ذ¢ذ’|https://streaming.televizor-24-tochka.ru/live/20.m3u8|https://i.imgur.com/BtqrHmz.png
ذœرƒذ·ر‹ذ؛ذ° 1 International [Not 24/7]|https://kino-1.catcast.tv/content/37745/index.m3u8|https://i.imgur.com/DIKe5vA.png
ذœرƒذ·ر‹ذ؛ذ° Live|http://31.148.48.15/La-Minor_TV/index.m3u8|https://i.imgur.com/RH6hTWG.png
ذœرƒذ·ر‹ذ؛ذ° ذڑذ¸ذ½ذ¾ International [Not 24/7]|https://kino-1.catcast.tv/content/37739/index.m3u8|https://i.imgur.com/2SG0Swa.png
ذœرƒذ·ر‹ذ؛ذ° ذںذµر€ذ²ذ¾ذ³ذ¾|http://31.148.48.15/Muzika_Pervogo/index.m3u8|https://i.imgur.com/U0vKj3P.png
ذœرƒذ»رŒر‚|http://31.148.48.15/Mult/index.m3u8|https://i.imgur.com/xi351Fx.png
ذœرƒذ»رŒر‚ ذ¸ ذœرƒذ·ر‹ذ؛ذ°|http://31.148.48.15/Multimuzika/index.m3u8|https://i.imgur.com/SYt6BZP.png
ذœرƒذ»رŒر‚ذ¸ذ»ذ°ذ½ذ´ذ¸رڈ|http://31.148.48.15/Multilandiya/index.m3u8|https://i.imgur.com/ccwijY0.png
ذœرƒذ»رŒر‚ذ¸ذ¼ذ°ذ½ذ¸رڈ (576p)|https://sirius.greenhosting.ru/MultimaniaRu/tracks-v1a1/mono.m3u8|https://i.imgur.com/abh8ZBA.png
ذ‌ذ°ذ´ذµذ¶ذ´ذ° (720p)|https://live-tvhope.cdnvideo.ru/tvhope-pull/tvhope_1/playlist.m3u8|https://i.imgur.com/ah6VnFJ.png
ذ‌ذ°ذ½ذ¾ ذ¢ذ’ HD|http://s1.tv-nano.com/Nano_rec/index.m3u8|https://i.imgur.com/dYj3XDa.png
ذ‌ذ°رپر‚ذ¾رڈر‰ذµذµ ذ’ر€ذµذ¼رڈ|https://rfe-ingest.akamaized.net/hls/live/2033043/tvmc05/master.m3u8|https://i.imgur.com/hKo8ApU.png
ذ‌ذ°رƒذ؛ذ°|https://vod.tuva.ru/nauka2/index.m3u8|https://i.imgur.com/ZZxzueO.png
ذ‌ذ’ذڑ ذ،ذ°ر…ذ° (1080p) [Not 24/7]|https://live-saha.cdnvideo.ru/saha/saha/playlist.m3u8|https://i.imgur.com/LwXNUhf.png
ذ‌ذµذ¸ذ·ذ²ذµرپر‚ذ½ذ°رڈ ذ ذ¾رپرپذ¸رڈ|https://cdn.ntv.ru/unknown_russia/playlist.m3u8|https://i.imgur.com/W7ste2f.png
ذ‌ذ¸ذ¶ذ½ذ¸ذ¹ ذ‌ذ¾ذ²ذ³ذ¾ر€ذ¾ذ´ 24 (720p) [Not 24/7]|https://live-vestinn.cdnvideo.ru/vestinn/nn24-khl/playlist.m3u8|https://i.imgur.com/ZWgPVIC.png
ذ‌ذ¸ذ؛ذ° ذ¢ذ’ (576p) [Not 24/7]|https://live-nikatv.cdnvideo.ru/nikatv/nikatv.sdp/playlist.m3u8|https://i.imgur.com/dccsFAu.png
ذ‌ذ¾ذ²ذ³ذ¾ر€ذ¾ذ´رپذ؛ذ¾ذµ ذ¾ذ±ذ»ذ°رپر‚ذ½ذ¾ذµ ر‚ذµذ»ذµذ²ذ¸ذ´ذµذ½ذ¸ذµ [Geo-blocked]|https://rt-nw-novg-htlive.cdn.ngenix.net/hls/CH_R02_NOVGORODTV/variant.m3u8|https://i.imgur.com/2JspHVY.png
ذ‌ذ¾ذ²ر‹ذ¹ ذ’ذµذ؛|https://tele2dvrnat01-02.cdnvideo.ru/stream/NAT_Tambov/hls/index.m3u8|https://i.imgur.com/8aYYi3r.png
ذ‌ذ¾ذ²ر‹ذ¹ ذ رƒرپرپذ؛ذ¸ذ¹ (720p)|https://live.15plusmg.ru/memfs/f983b507-a170-41a9-85a9-d9afc6cba9c1.m3u8|https://i.imgur.com/iuRSScH.png
ذ‌ذ¾رپر‚ذ°ذ»رŒذ³ذ¸رڈ|http://31.148.48.15/Nostalgiya/index.m3u8|https://i.imgur.com/YBdBc0J.png
ذ‌ذ¢ذ’|https://livetv.mylifeisgood.net.ru/channels/ntvhd.m3u8|https://i.imgur.com/9r1BKzK.png
ذ‌ذ¢ذ’ (540p) [Geo-blocked]|https://zabava-htlive.cdn.ngenix.net/hls/CH_NTV/variant.m3u8|https://i.imgur.com/9r1BKzK.png
ذ‌ذ¢ذ’ ذœذ¸ر€|https://streaming.thestream.cyou/live/213.m3u8|https://i.imgur.com/pUcV46F.png
ذ‌ذ¢ذ’ ذںر€ذ°ذ²ذ¾|https://cdn.ntv.ru/th_pravo/playlist.m3u8|https://i.imgur.com/3ChnWGg.png
ذ‌ذ¢ذ’ ذ،ذµر€ذ¸ذ°ذ»|https://cdn.ntv.ru/th_serial/playlist.m3u8|https://i.imgur.com/QdVa8tl.png
ذ‌ذ¢ذ’ ذ،ر‚ذ¸ذ»رŒ|https://cdn.ntv.ru/th_style/playlist.m3u8|https://i.imgur.com/rX6K6qT.png
ذ‌ذ¢ذ’ ذ¥ذ¸ر‚|https://cdn.ntv.ru/th_hit/playlist.m3u8|https://i.imgur.com/FfKBvz5.png
ذ‌ذ¢ذڑ 21 (ذ‘ذ¸ر€ذ¾ذ±ذ¸ذ´ذ¶ذ°ذ½) [Geo-blocked]|https://s97982.cdn.ngenix.net/hls/CH_R79_OTT_DV_HVSK_NTK/variant.m3u8|https://i.imgur.com/W9s1flH.png
ذ‌ذ¢ذœ (ذ‌ذ°ر€ذ¾ذ´ذ½ذ¾ذµ ر‚ذµذ»ذµذ²ذ¸ذ´ذµذ½ذ¸ذµ ذœذ¾ر€ذ´ذ¾ذ²ذ¸ذ¸) (720p) [Not 24/7]|https://live-ntm13.cdnvideo.ru/ntm13/smil:ntm13.smil/playlist.m3u8|https://i.imgur.com/AH50pGT.png
ذ‌ذ¢ذ، (ذ،ذµذ²ذ°رپر‚ذ¾ذ؟ذ¾ذ»رŒ) (1080p) [Not 24/7]|https://peqk71plnjy.a.trbcdn.net/livemaster/w4kz7pki62_nts_tv/playlist.m3u8|https://i.imgur.com/skkDR7q.png
ذ¾2ر‚ذ²|http://31.148.48.15/O2_HD/index.m3u8|https://i.imgur.com/CM6z7fA.png
ذ‍ذ±ر‰ذµرپر‚ذ²ذµذ½ذ½ذ¾ذµ ذ‌ذµذ·ذ°ذ²ذ¸رپذ¸ذ¼ذ¾ذµ ذ¢ذµذ»ذµذ²ذ¸ذ´ذµذ½ذ¸ذµ (576p)|http://85.238.112.40:8810/hls_sec/239.33.75.33-.m3u8|https://i.imgur.com/jFP50g2.png
ذ‍ذ‌ذ¢ (576p) [Not 24/7]|https://stream.dc.beltelecom.by/ont/ont/playlist.m3u8|https://i.imgur.com/LbHdHEk.png
ذ‍رپذµر‚ذ¸رڈ ذکر€ر‹رپر‚ذ¾ذ½|https://osir.mediacdn.ru/cdn/osetia/playlist.m3u8|https://i.imgur.com/N0Zn4zU.png
ذ‍ذ،ذ‌|http://osnmedia.servicecdn.ru/streams/17603_88089/playlist.m3u8|https://www.osnmedia.ru/wp-content/uploads/2024/11/osn-logo-header.png
ذ‍ذ¢ذ’ ذںر€ذ¸ذ¼ذ¾ر€رŒذµ|https://jz2lo90hnpy.a.trbcdn.net/livemaster/yo8gr_live-5gorrrfpouq.smil/playlist.m3u8|https://i.imgur.com/2zd8trG.png
ذ‍ر‚ذ؛ر€ر‹ر‚ر‹ذ¹ ذ¼ذ¸ر€. ذ—ذ´ذ¾ر€ذ¾ذ²رŒذµ|https://v4.proofix.ru/0mir/index.m3u8|https://i.imgur.com/7orZOJA.png
like Gecko) Chrome/144.0.0.0 Safari/537.36" group-title="General",ذ‍ذ¢ذ|https://streaming.televizor-24-tochka.ru/live/12.m3u8|https://i.imgur.com/VaWlnjZ.png
ذ‍رˆ ذںذ¸ر€ذ¸ذ¼ (1080p) [Not 24/7]|http://gohoski.fvds.ru:3000/mediabay/697/playlist.m3u8|https://i.ibb.co/9VBnyQ1/cropped-white.png
ذںذ°ر‚ر€ذ¸ذ¾ر‚ (576i)|http://catchup.videoline.ru/asvtv/index.m3u8|https://patriotkanal.ru/assets/cached/2025/02/resize/264_112_q100_patriot-only-logo.png
ذںذµر€ذ²ر‹ذ¹ ذ³ذ¾ر€ذ¾ذ´رپذ؛ذ¾ذ¹ (ذ‍ذ´ذµرپرپذ°) (1080p) [Not 24/7]|http://91.194.79.46:8081/stream1/channel1/playlist.m3u8|https://i.imgur.com/8qdc6aO.png
ذںذµر€ذ²ر‹ذ¹ ذ؛ذ°ذ½ذ°ذ»|https://edge1.1internet.tv/dash-live2/streams/1tv-dvr/1tvdash.mpd|https://i.imgur.com/RUSX0rX.png
ذںذµر€ذ²ر‹ذ¹ ذ؛ذ°ذ½ذ°ذ» ذ•ذ²ر€ذ¾ذ؟ذ°|https://streaming.thestream.cyou/live/210.m3u8|https://i.imgur.com/RUSX0rX.png
ذںذµر€ذ²ر‹ذ¹ ذڑر€ر‹ذ¼رپذ؛ذ¸ذ¹ (720p)|https://live1.1tvcrimea.ru/1tvcrimea.m3u8|https://i.imgur.com/i6hg7QG.png
ذںذµر€ذ²ر‹ذ¹ ذœرƒذ·ر‹ذ؛ذ°ذ»رŒذ½ر‹ذ¹ ذڑذ°ذ½ذ°ذ» HD (1080p)|http://rtmp.one.by:1300|https://i.imgur.com/YdyFJrl.png
ذںذµر€ذ²ر‹ذ¹ ذœرƒذ·ر‹ذ؛ذ°ذ»رŒذ½ر‹ذ¹ ذڑذ°ذ½ذ°ذ» ذ ذ¾رپرپذ¸رڈ HD (1080p)|http://rtmp.one.by:2300|https://i.imgur.com/rEo7nR1.png
ذںذµر€ذ²ر‹ذ¹ ذ ذµرپذ؟رƒذ±ذ»ذ¸ذ؛ذ°ذ½رپذ؛ذ¸ذ¹|https://streaming.televizor-24-tochka.ru/live/27.m3u8|https://i.imgur.com/ti4OMBv.png
ذںذµر€ذ²ر‹ذ¹ ذ¯ر€ذ¾رپذ»ذ°ذ²رپذ؛ذ¸ذ¹|https://yaroslavl.mediacdn.ru/cdn/pervyaroslavsk/playlist.m3u8|https://yarreg.ru/gallery/news/2025/03/293241/3.jpeg
like Gecko) Chrome/144.0.0.0 Safari/537.36" group-title="Entertainment",ذںذµر€ذµر† International|https://cdn4.skygo.mn/live/disk1/Che/HLSv3-FTA/Che.m3u8|https://i.imgur.com/On6ggLe.png
like Gecko) Chrome/144.0.0.0 Safari/537.36" group-title="Undefined",ذںذ¾ذ±ذµذ´ذ° 720p|https://cdn4.skygo.mn/live/disk1/Pobeda/HLSv3-FTA/Pobeda.m3u8|https://i.imgur.com/4KiYSln.png
ذںذ¾ذµر…ذ°ذ»ذ¸!|http://31.148.48.15/Poehali/index.m3u8|https://i.imgur.com/ZNCpbII.png
ذںر€ذ¸ذ¼ذ° (1080p)|https://tele2dvrnat01-02.cdnvideo.ru/stream/NAT_Prima/hls/index.m3u8|https://i.imgur.com/33XGMch.png
ذںر€ذ¾ذ´ذ²ذ¸ذ¶ذµذ½ذ¸ذµ|https://prodvizhenie.bonus-tv.ru/cdn/prodvizhenie/playlist.m3u8|https://i.imgur.com/KlsnfG9.png
ذںر€ذ¾رپذ²ذµر‰ذµذ½ذ¸ذµ (540p) [Geo-blocked]|https://cdn-01.bonus-tv.ru/prosveschenie_edge/playlist.m3u8|https://i.imgur.com/uppFhhq.png
ذںرڈر‚ذ½ذ¸ر†ذ°! (540p) [Geo-blocked]|https://zabava-htlive.cdn.ngenix.net/hls/CH_PYATNIZZA/variant.m3u8|https://i.imgur.com/UfmlXxe.png
like Gecko) Chrome/144.0.0.0 Safari/537.36" group-title="Entertainment",ذںرڈر‚ذ½ذ¸ر†ذ°! International|https://cdn4.skygo.mn/live/disk1/Friday/HLSv3-FTA/Friday.m3u8|https://i.imgur.com/N2z3EZC.png
ذںرڈر‚ر‹ذ¹ ذڑذ°ذ½ذ°ذ» (540p) [Geo-blocked]|https://zabava-htlive.cdn.ngenix.net/hls/CH_5TV/variant.m3u8|https://i.imgur.com/KPXMa3U.png
ذ ذ°ذ´ذ¸ذ¾ ذ“ذ¾ذ²ذ¾ر€ذ¸ر‚ ذœذ¾رپذ؛ذ²ذ° (ذ’ذµذ±-ذ؛ذ°ذ¼ذµر€ذ°) (720p)|https://video.govoritmoskva.ru/rufm/index.m3u8|https://i.imgur.com/z2mxf3E.png
ذ ذ°ذ´ذ¸ذ¾ ذ¥ذ¸ر‚ (ذ‍ر€رپذ؛) (720p)|http://lova.me/hls/hithd.m3u8|https://i.imgur.com/5xKqV1s.png
ذ ذ°ذ´ذ¸ذ¾ ذ¨ذ°ذ½رپذ¾ذ½ (720p) [Not 24/7]|http://chanson-video.hostingradio.ru:8080/hls/chansonabr/live.m3u8|https://i.imgur.com/lbqM3K2.png
ذ ذ°ذ´ذ¾رپر‚رŒ ذ¼ذ¾رڈ|https://radm.mediacdn.ru/cdn/radost/playlist.m3u8|https://i.imgur.com/B5FA62o.png
ذ ذ‘ذڑ (576p)|https://uiptv.do.am/1ufc/701293058/playlist.m3u8|https://i.imgur.com/CwhmJby.png
ذ ذ•ذ‌ ذ¢ذ’ (540p) [Geo-blocked]|https://zabava-htlive.cdn.ngenix.net/hls/CH_RENTV/variant.m3u8|https://i.imgur.com/0Tu5lte.png
like Gecko) Chrome/144.0.0.0 Safari/537.36" group-title="General",ذ ذ•ذ‌ ذ¢ذ’ International|https://cdn4.skygo.mn/live/disk1/RenTV/HLSv3-FTA/RenTV.m3u8|https://i.imgur.com/gBjk9oF.png
ذ ذ–ذ” ذ¢ذ’ (1080p) [Geo-blocked]|http://hls.tva.cdnvideo.ru/tva/tvahd.sdp/playlist.m3u8|https://i.imgur.com/lf1r9L6.png
ذ ذ¾ذ´ذ½ذ¾ذµ ذڑذ¸ذ½ذ¾|http://31.148.48.15/Rodnoe_kino/index.m3u8|https://i.imgur.com/H70LxoZ.png
ذ ذ¾رپرپذ¸رڈ 1|https://vgtrkregion-reg.cdnvideo.ru/vgtrk/0/russia1-hd/index.m3u8|https://i.imgur.com/Osd2JHL.png
ذ ذ¾رپرپذ¸رڈ 1 (+6)|http://31.148.48.15/Rossiya_1/index.m3u8|https://i.imgur.com/Osd2JHL.png
ذ ذ¾رپرپذ¸رڈ 1 HD (ذگر€ر…ذ°ذ½ذ³ذµذ»رŒرپذ؛)|https://vgtrkregion-reg.cdnvideo.ru/vgtrk/arhangelsk/russia1-hd/index.m3u8|https://i.imgur.com/Osd2JHL.png
ذ ذ¾رپرپذ¸رڈ 24 (576p) [Not 24/7]|https://uiptv.do.am/1ufc/000000006/playlist.m3u8|https://upload.wikimedia.org/wikipedia/commons/thumb/6/66/Rossiya-24_Logo.svg/960px-Rossiya-24_Logo.svg.png
ذ ذ¾رپرپذ¸رڈ-ذ ذ¢ذ|https://player.smotrim.ru/iframe/stream/live_id/683d9649-a96c-4a4d-b468-91c0ee2bf363|https://i.imgur.com/T42cuYx.png
ذ ذ¾رپرپذ¸رڈ-ذ ذ¢ذ|https://player.smotrim.ru/iframe/stream/live_id/3b73bf76-7245-4981-a865-38478e21df1f|https://i.imgur.com/T42cuYx.png
ذ رƒرپرپذ؛ذ¸ذ¹ ذ‘ذµرپر‚رپذµذ»ذ»ذµر€|http://31.148.48.15/Russkiy_Bestseller/index.m3u8|https://i.imgur.com/w0ZE9QJ.png
ذ رƒرپرپذ؛ذ¸ذ¹ ذ”ذµر‚ذµذ؛ر‚ذ¸ذ²|http://31.148.48.15/Russkiy_Detektiv/index.m3u8|https://i.imgur.com/H3qhN8S.png
ذ رƒرپرپذ؛ذ¸ذ¹ ذکذ»ذ»رژذ·ذ¸ذ¾ذ½|http://31.148.48.15/Russkiy_illusion/index.m3u8|https://i.imgur.com/RlsqFN8.png
ذ رƒرپرپذ؛ذ¸ذ¹ ذ ذ¾ذ¼ذ°ذ½|http://31.148.48.15/Russkiy_Roman/index.m3u8|https://i.imgur.com/cQN0P2B.png
ذ رƒرپرپذ؛ذ¸ذ¹ ذ­ذ؛رپر‚ر€ذ¸ذ¼|http://31.148.48.15/Russkiy_Ekstrim/index.m3u8|https://i.imgur.com/hJK7mOW.png
ذ ر‹ذ¶ذ¸ذ¹|http://31.148.48.15/Rizhiy/index.m3u8|https://i.imgur.com/acrU2IE.png
ذ،1 (ذ،رƒر€ذ³رƒر‚) (1080p) [Not 24/7]|https://sitv.ru/hls/stv.m3u8|https://i.imgur.com/chNBF5t.png
ذ،ذ°ذ»رڈذ¼ (ذ£ر„ذ°) (576p)|https://bsttv.bonus-tv.ru/cdn/salyam/playlist.m3u8|https://i.imgur.com/FfULLr1.png
ذ،ذ°ذ¼ذ°ر€ذ° 24|https://vgtrkregion-reg.cdnvideo.ru/vgtrk/samara/samara24-hd/index.m3u8|https://i.imgur.com/YUe3Dwd.png
ذ،ذ°ذ¼ذ°ر€ذ° ذ“ذکذ، (1080p) [Not 24/7]|https://tv.samaragis.ru/new/new/tracks-v1a1/mono.m3u8|https://samaragis.ru/wp-includes/images/logo.png
ذ،ذ°ذ½ذ؛ر‚-ذںذµر‚ذµر€ذ±رƒر€ذ³|https://player.smotrim.ru/iframe/stream/live_id/1a30bc46-0b5f-4f48-a3df-97e33bde0aa8|https://i.imgur.com/9At4oG7.png
ذ،ذ°ذ؟ر„ذ¸ر€|http://31.148.48.15/Sapfir/index.m3u8|https://i.imgur.com/NMOBvle.png
ذ،ذ°ر€ذ°ر„ذ°ذ½|http://31.148.48.15/Sarafan/index.m3u8|https://i.imgur.com/u4q1rMT.png
ذ،ذ²ذ¾ر‘ ذ¢ذ’ (ذ،ر‚ذ°ذ²ر€ذ¾ذ؟ذ¾ذ»رŒ)|https://svoetv.mediacdn.ru/cdn/svoetv/playlist.m3u8|https://i.imgur.com/3cP2fmX.png
ذ،ذµذ²ذµر€ (ذ‌ذ°ر€رŒرڈذ½-ذœذ°ر€)|https://2vko9pchwon.a.trbcdn.net/livemaster/8ilgc_cw63ucn03p.smil/playlist.m3u8|https://i.imgur.com/sTOQLYl.png
ذ،ذ¸ذ±ذ¸ر€رŒ 24 (ذڑر€ذ°رپذ½ذ¾رڈر€رپذ؛)|https://vgtrkregion-reg.cdnvideo.ru/vgtrk/krasnoyarsk/sibir24-hd/index.m3u8|https://i.imgur.com/jgwQPl0.png
ذ،ذ¸ذ±ذ¸ر€رŒ 24 (ذ‌ذ¾ذ²ذ¾رپذ¸ذ±ذ¸ر€رپذ؛)|https://vgtrkregion-reg.cdnvideo.ru/vgtrk/novosibirsk/sibir24-hd/index.m3u8|https://i.imgur.com/jgwQPl0.png
ذ،ذ¸ذ¼ر„ذµر€ذ¾ذ؟ذ¾ذ»رŒ 24|https://simf.1tvcrimea.ru/simferopol24.m3u8|https://i.imgur.com/S2QJ3bc.png
ذ،ذ¸ر‚ذ¸ ذ­ذ´ذµذ¼ Meditation Music [Not 24/7]|https://cityeden.catcast.tv/content/47410/index.m3u8|https://i.imgur.com/HPWevWb.png
ذ،ذ¸ر‚ذ¸ ذ­ذ´ذµذ¼ Play ذ¥ر€ذ¸رپر‚ذ¸ذ°ذ½رپذ؛ذ¸ذ¹ ذœرƒذ·ر‹ذ؛ذ°ذ»رŒذ½ر‹ذ¹ [Not 24/7]|https://cityeden.catcast.tv/content/34100/index.m3u8|https://i.imgur.com/ozEqob9.png
ذ،ذ¸ر‚ذ¸ ذ­ذ´ذµذ¼ ذگذ²ر‚ذ¾ذ“ذ¸ذ´ [Not 24/7]|https://cityeden.catcast.tv/content/47515/index.m3u8|https://i.imgur.com/qpe8L27.png
ذ،ذ¸ر‚ذ¸ ذ­ذ´ذµذ¼ ذ‘ذ¸ر€ذ¼ذ° Play [Not 24/7]|https://cityeden.catcast.tv/content/34364/index.m3u8|https://i.imgur.com/38Q5L5W.png
ذ،ذ¸ر‚ذ¸ ذ­ذ´ذµذ¼ ذڑذ¸ذ½ذ¾ذگذ·ذ¸رڈ [Not 24/7]|https://cityeden.catcast.tv/content/34393/index.m3u8|https://i.imgur.com/gaket4B.png
ذ،ذ¸ر‚ذ¸ ذ­ذ´ذµذ¼ ذڑذ¸ذ½ذ¾ذگر€ر‚ [Not 24/7]|https://cityeden.catcast.tv/content/38398/index.m3u8|https://i.imgur.com/67CWCtz.png
ذ،ذ¸ر‚ذ¸ ذ­ذ´ذµذ¼ ذڑذ¸ذ½ذ¾ذ”ذµر‚ذµذ؛ر‚ذ¸ذ² [Not 24/7]|https://cityeden.catcast.tv/content/41327/index.m3u8|https://i.imgur.com/9rKHwBV.png
ذ،ذ¸ر‚ذ¸ ذ­ذ´ذµذ¼ ذڑذ¸ذ½ذ¾ذ”ذ¾ذ؛ [Not 24/7]|https://cityeden.catcast.tv/content/38354/index.m3u8|https://i.imgur.com/itRbMX3.png
ذ،ذ¸ر‚ذ¸ ذ­ذ´ذµذ¼ ذڑذ¸ذ½ذ¾ذ”ر€ذ°ذ¼ذ° [Not 24/7]|https://cityeden.catcast.tv/content/45269/index.m3u8|https://i.imgur.com/29ddffh.png
ذ،ذ¸ر‚ذ¸ ذ­ذ´ذµذ¼ ذڑذ¸ذ½ذ¾ذڑذ»ذ°رپرپذ¸ذ؛ذ° [Not 24/7]|https://cityeden.catcast.tv/content/34185/index.m3u8|https://i.imgur.com/0qGCS1S.png
ذ،ذ¸ر‚ذ¸ ذ­ذ´ذµذ¼ ذڑذ¸ذ½ذ¾ذڑذ¾ذ¼ذµذ´ذ¸رڈ [Not 24/7]|https://cityeden.catcast.tv/content/41331/index.m3u8|https://i.imgur.com/Aga2XVA.png
ذ،ذ¸ر‚ذ¸ ذ­ذ´ذµذ¼ ذڑذ¸ذ½ذ¾ذœذ¸رپر‚ذ¸ذ؛ذ° [Not 24/7]|https://cityeden.catcast.tv/content/40783/index.m3u8|https://i.imgur.com/s1Pid0K.png
ذ،ذ¸ر‚ذ¸ ذ­ذ´ذµذ¼ ذڑذ¸ذ½ذ¾ذ،ذµذ¼رŒرڈ [Not 24/7]|https://v2.catcast.tv/content/38128/index.m3u8|https://i.imgur.com/YoWOZMx.png
ذ،ذ¸ر‚ذ¸ ذ­ذ´ذµذ¼ ذڑذ¸ذ½ذ¾ذ¤ذ°ذ½ر‚ذ°رپر‚ذ¸ذ؛ذ° [Not 24/7]|https://cityeden.catcast.tv/content/45268/index.m3u8|https://i.imgur.com/I64FeIO.png
ذ،ذ¸ر‚ذ¸ ذ­ذ´ذµذ¼ ذڑذ¸ذ½ذ¾ذ­ذ؛رˆذµذ½ [Not 24/7]|https://cityeden.catcast.tv/content/41333/index.m3u8|https://i.imgur.com/uuzuvD0.png
ذ،ذ¸ر‚ذ¸ ذ­ذ´ذµذ¼ ذڑذ»ذ°رپرپذ¸ر‡ذµرپذ؛ذ°رڈ ذœرƒذ·ر‹ذ؛ذ° [Not 24/7]|https://cityeden.catcast.tv/content/47400/index.m3u8|https://i.imgur.com/l7BE8l6.png
ذ،ذ¸ر‚ذ¸ ذ­ذ´ذµذ¼ ذœذµذ´ذ—ذ´ر€ذ°ذ² [Not 24/7]|https://cityeden.catcast.tv/content/47519/index.m3u8|https://i.imgur.com/BM4E0Kr.png
ذ،ذ¸ر‚ذ¸ ذ­ذ´ذµذ¼ ذ ذµر†ذµذ؟ر‚ر‹ ذ“رƒر€ذ¼ذ°ذ½ذ° [Not 24/7]|https://cityeden.catcast.tv/content/47516/index.m3u8|https://i.imgur.com/wR0pvRc.png
ذ،ذ¸ر‚ذ¸ ذ­ذ´ذµذ¼ ذ،ذ¸ر€ر‚ذ°ذ؛ذ¸ ذ¢ذ’ [Not 24/7]|https://cityeden.catcast.tv/content/46421/index.m3u8|https://i.imgur.com/V3MTfyc.png
ذ،ذ¸ر‚ذ¸ ذ­ذ´ذµذ¼ ذ¢ذ’ ذ¥ر€ذ¸رپر‚ذ¸ذ°ذ½رپذ؛ذ¸ذ¹ [Not 24/7]|https://cityeden.catcast.tv/content/34246/index.m3u8|https://i.imgur.com/X9kACKi.png
ذ،ذ¸ر‚ذ¸ ذ­ذ´ذµذ¼ ذ¢ذµذ»ذµذ‌ذ¾ذ²ذµذ»ذ»ذ° [Not 24/7]|https://cityeden.catcast.tv/content/46209/index.m3u8|https://i.imgur.com/mT5liTh.png
ذ،ذ¼ذ°ذ¹ذ» ذ¢ذ’|https://5f05e059699ae.streamlock.net/WEB_Smilik/ngrp:Smilik.stream-adaptive/playlist.m3u8|https://static.tildacdn.com/tild3936-3138-4234-b536-326531343933/-_13x.png
ذ،ذ¼ذ¾ر‚ر€ذ¸ذ¼ 100% ذ”ذµر‚رپذ؛ذ¾ذµ|https://player.smotrim.ru/iframe/stream/live_id/29d87e02-f367-48b1-b63e-6ce7923ab089|https://i.imgur.com/1hsNeTa.png
ذ،ذ¼ذ¾ر‚ر€ذ¸ذ¼ 100% ذڑذ»ذ°رپرپذ¸ذ؛ذ°|https://player.smotrim.ru/iframe/stream/live_id/78a66c7c-df38-4091-b2e1-9eeeb4c96338|https://i.imgur.com/aASNpKq.png
ذ،ذ¼ذ¾ر‚ر€ذ¸ذ¼ 100% ذ›رژذ±ذ¾ذ²رŒ|https://player.smotrim.ru/iframe/stream/live_id/0d85159d-e782-4260-ac99-ac8c55df4248|https://i.imgur.com/4EFh0nu.png
ذ،ذ¼ذ¾ر‚ر€ذ¸ذ¼ 100% ذœرƒذ¶رپذ؛ذ¾ذµ|https://player.smotrim.ru/iframe/stream/live_id/30acd0b6-e010-4230-bad1-3af77619226d|https://i.imgur.com/UY3fjYU.png
ذ،ذ¼ذ¾ر‚ر€ذ¸ذ¼ 100% ذںر€ذ°ذ·ذ´ذ½ذ¸ذ؛|https://player.smotrim.ru/iframe/stream/live_id/0cff8c9f-76c8-4b4a-9f23-90aa5a542564|https://i.imgur.com/NEcqFse.png
ذ،ذ¼ذ¾ر‚ر€ذ¸ذ¼ 100% ذ¤ذ°ذ؛ر‚ر‹|https://player.smotrim.ru/iframe/stream/live_id/02cbebc5-c55d-4a02-9370-7330c9e5d34f|https://i.imgur.com/dB3cJzO.png
ذ،ذ¼ذ¾ر‚ر€ذ¸ذ¼ ذ§ذµرپر‚ذ½ر‹ذ¹ ذ”ذµر‚ذµذ؛ر‚ذ¸ذ²|https://live-vgtrksmotrim.cdnvideo.ru/vgtrksmotrim/smotrim-live-01.smil/playlist.m3u8|https://cdn-st3.smotrim.ru/vh/pictures/svg/444/241/8.svg
ذ،ذ¾ذ»ذ½ر†ذµ|http://tv.mediacdn.ru/live/solntse/playlist.m3u8|https://i.imgur.com/HCefxaK.png
ذ،ذ¾ذ»ذ¾ذ²رŒذµذ² LIVE|https://player.smotrim.ru/iframe/stream/live_id/985d5c7b-9727-4942-a4ba-a6e852caf0c1|https://i.imgur.com/v0OYe1d.png
ذ،ذ¾ر‡ذ¸ 24 HD|http://serv30.vintera.tv:8081/sochi/sochi24_tv/playlist.m3u8|https://i.imgur.com/iwWxkl6.png
ذ،ذ¾رژذ· (576p)|https://hls-tvsoyuz.cdnvideo.ru/tvsoyuz/soyuz/playlist.m3u8|https://i.imgur.com/w3OewHc.png
like Gecko) Chrome/144.0.0.0 Safari/537.36" group-title="Religious",ذ،ذ؟ذ°رپ|https://streaming.televizor-24-tochka.ru/live/15.m3u8|https://i.imgur.com/yY39nMg.png
ذ،ذ¢ذگذ ذ¢ ذ¢ر€ذ¸رƒذ¼ر„|https://bl.webcaster.pro/media/playlist/free_fe8dc1b768a84b8b0333db826471f17e_hd/33_85479982/1080p/8666c3e935faf6ef47ffd601e8e48868/4821408969.m3u8|https://i.imgur.com/L9jTieL.png
ذ،ذ¢ذ‘ (720p)|https://ctv.dc.beltelecom.by/ctv/ctv.stream/playlist.m3u8|https://upload.wikimedia.org/wikipedia/commons/thumb/3/33/%D0%9B%D0%BE%D0%B3%D0%BE%D1%82%D0%B8%D0%BF_%D0%B1%D0%B5%D0%BB%D0%BE%D1%80%D1%83%D1%81%D1%81%D0%BA%D0%BE%D0%B3%D0%BE_%D1%82%D0%B5%D0%BB%D0%B5%D0%BA%D0%B0%D0%BD%D0%B0%D0%BB%D0%B0_%C2%AB%D0%A1%D0%A2%D0%92%C2%BB.svg/960px-%D0%9B%D0%BE%D0%B3%D0%BE%D1%82%D0%B8%D0%BF_%D0%B1%D0%B5%D0%BB%D0%BE%D1%80%D1%83%D1%81%D1%81%D0%BA%D0%BE%D0%B3%D0%BE_%D1%82%D0%B5%D0%BB%D0%B5%D0%BA%D0%B0%D0%BD%D0%B0%D0%BB%D0%B0_%C2%AB%D0%A1%D0%A2%D0%92%C2%BB.svg.png
ذ،ر‚ر€ذ°ذ½ذ° FM (720p) [Not 24/7]|http://live.stranafm.cdnvideo.ru/stranafm/stranafm_hd.sdp/playlist.m3u8|https://i.imgur.com/WsPlKJJ.png
ذ،ذ¢ذ، (540p) [Geo-blocked]|https://zabava-htlive.cdn.ngenix.net/hls/CH_STS/variant.m3u8|https://i.imgur.com/ilUzAeb.png
like Gecko) Chrome/144.0.0.0 Safari/537.36" group-title="Undefined",ذ،ذ¢ذ، International|https://cdn4.skygo.mn/live/disk1/STS/HLSv3-FTA/STS.m3u8|https://i.imgur.com/mwiC0RG.png
ذ،ر‚رƒذ´ذ¸رڈ ذ¤ذ°ذ؛ر‚|https://042auhsnh0x.a.trbcdn.net/livemaster/rmhtb_live-7td9v6w34o6.smil/playlist.m3u8|https://i.imgur.com/y73pRGZ.png
ذ،رƒذ±ذ±ذ¾ر‚ذ°! (450p) [Geo-blocked]|https://zabava-htlive.cdn.ngenix.net/hls/CH_SUPER/variant.m3u8|https://i.imgur.com/nsk8PpB.png
ذ،رƒر€ذ³رƒر‚ 24 (720p) [Not 24/7]|https://video1.in-news.ru/c24/index.m3u8|https://i.imgur.com/OxvqXMt.png
ذ¢ذ°ذ²ر€ذ¸رڈ|https://streaming.televizor-24-tochka.ru/live/24.m3u8|https://i.imgur.com/gqung6i.png
ذ¢ذ’ ذ¦ذµذ½ر‚ر€|https://tvc-hls.cdnvideo.ru/tvc-res/smil:vd9221.smil/playlist.m3u8|https://upload.wikimedia.org/wikipedia/ru/7/72/TV_Tsentr_2013_Logo.svg
like Gecko) Chrome/144.0.0.0 Safari/537.36" group-title="Undefined",ذ¢ذ’ ذ¦ذµذ½ر‚ر€ International (720p)|https://cdn4.skygo.mn/live/disk1/TV_center/HLSv3-FTA/TV_center.m3u8|https://i.imgur.com/tsCOnBW.png
ذ¢ذ’-3 (540p) [Geo-blocked]|https://zabava-htlive.cdn.ngenix.net/hls/CH_TV3/variant.m3u8|https://i.imgur.com/JLAvq8O.png
ذ¢ذ’ذڑ 24 (576p)|https://air.tvk6.ru/tvk24/playlist.m3u8|https://upload.wikimedia.org/wikipedia/commons/e/e7/%D0%9B%D0%BE%D0%B3%D0%BE%D1%82%D0%B8%D0%BF_%D0%BA%D1%80%D0%B0%D1%81%D0%BD%D0%BE%D1%8F%D1%80%D1%81%D0%BA%D0%BE%D0%B3%D0%BE_%D1%82%D0%B5%D0%BB%D0%B5%D0%BA%D0%B0%D0%BD%D0%B0%D0%BB%D0%B0_%D0%A2%D0%92%D0%9A_%282015%29.png
ذ¢ذ²ذ¾ذµ TV HD|http://tvoetv.space:8080/tvoetv/index.m3u8|https://i.imgur.com/kKAM7dP.png
ذ¢ذ²ذ¾ذµ ذ¢ذ’ ذ®ذ¼ذ¾ر€|http://tvoetv.space:8080/tvoetv_humor/index.m3u8|https://smotret.tv/images/tvoe-tv-yumor.webp
ذ¢ذµذ°ر‚ر€|http://31.148.48.15/Sochi_HD/index.m3u8|https://i.imgur.com/nc2ijCH.png
ذ¢ذµذ»ذµذ؛ذ°ذ½ذ°ذ» 86 (ذ،رƒر€ذ³رƒر‚) (1080p) [Not 24/7]|https://sitv.ru/hls/s86.m3u8|https://i.imgur.com/0dRS4Cb.png
ذ¢ذµذ»ذµذ؛ذ°ذ½ذ°ذ» ذڑر€ذ°رپذ½ذ¾ذ´ذ°ر€|https://krasnodar.mediacdn.ru/live/cdn/krasnodar/playlist.m3u8|https://i.imgur.com/YVtutzp.png
like Gecko) Chrome/144.0.0.0 Safari/537.36" group-title="Cooking",ذ¢ذµذ»ذµذ؛ذ°ر„ذµ|https://cdn4.skygo.mn/live/disk1/Telecafe/HLSv3-FTA/Telecafe.m3u8|https://i.imgur.com/1H3h1HL.png
ذ¢ذµذ»ذµذ؟رƒر‚ذµرˆذµرپر‚ذ²ذ¸رڈ|http://31.148.48.15/Teleputeshestviya/index.m3u8|https://i.imgur.com/eXJm1n3.png
ذ¢ذµذ»ذµر€ذ°ذ´ذ¸ذ¾ذ؛ذ¾ذ¼ذ؟ذ°ذ½ذ¸رڈ 555 (ذگذ»رƒرˆر‚ذ°) (720p)|http://trk555.tv:8888/live|https://i.imgur.com/JQZkxeA.png
ذ¢ذµذ»ذ؟ذ»رژرپ ذ¢ذ’ (ذگرپر‚ر€ذ°ر…ذ°ذ½رŒ) (360p) [Not 24/7]|https://streaming.astrakhan.ru/telplushd/playlist.m3u8|https://i.imgur.com/1zbcZ3p.png
ذ¢ذڑ ذگذ»ذ¼ذ°ذ·ذ½ر‹ذ¹ ذ؛ر€ذ°ذ¹ (576p)|https://stream.almaz-media.tv:8080/hls/576.m3u8|https://i.imgur.com/zErXTdF.png
ذ¢ذڑذ  (ذ رڈذ·ذ°ذ½رŒ) (1080p) [Not 24/7]|http://live.tkr.cdnvideo.ru/tkr/tkr.sdp/playlist.m3u8|https://i.imgur.com/VqtPB7L.png
ذ¢ذ‌ذ’-ذںذ»ذ°ذ½ذµر‚ذ° (ذڑذ°ذ·ذ°ذ½رŒ)|https://planeta.mediacdn.ru/cdn/tnvplanet/playlist.m3u8|https://i.imgur.com/ijA1zDw.png
ذ¢ذ‌ذ¢ (540p) [Geo-blocked]|https://zabava-htlive.cdn.ngenix.net/hls/CH_TNT/variant.m3u8|https://i.imgur.com/T4A6rEI.png
ذ¢ذ‌ذ¢4|http://31.148.48.15/TNT4/index.m3u8|https://i.imgur.com/gBokU5i.png
like Gecko) Chrome/144.0.0.0 Safari/537.36" group-title="Entertainment",ذ¢ذ‌ذ¢4 International|https://cdn4.skygo.mn/live/disk1/TNT4/HLSv3-FTA/TNT4.m3u8|https://i.imgur.com/SjdOaya.png
like Gecko) Chrome/144.0.0.0 Safari/537.36" group-title="Entertainment",ذ¢ذ‌ذ¢ International|https://cdn4.skygo.mn/live/disk1/THT/HLSv3-FTA/THT.m3u8|https://i.imgur.com/l0RGbRI.png
ذ¢ذ¾ذ»ذ؛ HD|http://live-tolknews.cdnvideo.ru/tolknews/stream/playlist.m3u8|https://i.imgur.com/l7JZ79P.png
ذ¢ذ¾ذ½رƒرپ|http://31.148.48.15/Zdorovie/index.m3u8|https://i.imgur.com/pGm8QCj.png
ذ¢ذ¾ر‡ذ؛ذ° ذ¢ذ’|http://31.148.48.15/Tochka_TV/index.m3u8|https://i.imgur.com/yyNR5jG.png
ذ¢ر€ذ¸ ذگذ½ذ³ذµذ»ذ° (720p)|https://hls.tv.3angels.ru/stream.m3u8|https://i.imgur.com/4fhBbam.png
ذ£ذ½ذ¸ذ؛رƒذ¼|http://31.148.48.15/Detskiy/index.m3u8|https://i.imgur.com/kSJZjDL.png
ذ£ر€ذ°ذ» 24 (ذ§ذµذ»رڈذ±ذ¸ذ½رپذ؛)|https://vgtrkregion-reg.cdnvideo.ru/vgtrk/chelyabinsk/ural24-hd/index.m3u8|https://i.imgur.com/eoI4KuB.png
ذ£ذ¢ذ ذڑ (480p) [Not 24/7]|https://st2.mediabay.tv/KG_KTRK-UTRK/index.m3u8|https://i.ibb.co/VJ7cPRH/Xp5clCA.png
ذ£ذ¢ذ ذڑ ذگذ»ذ°-ذ¢ذ¾ذ¾ 24 (480p) [Not 24/7]|https://st2.mediabay.tv/KG_KTRK-Ala-too/playlist.m3u8|https://i.imgur.com/vBPmUQA.png
ذ£ذ¢ذ ذڑ ذ‘ذ°ذ»ذ°رپر‚ذ°ذ½ (480p) [Not 24/7]|https://st2.mediabay.tv/KG_KTRK-Balastan/index.m3u8|https://i.imgur.com/D5ylCiX.png
ذ£ذ¢ذ ذڑ ذœرƒذ·ر‹ذ؛ذ° (480p) [Not 24/7]|https://st2.mediabay.tv/KG_KTRK-Muzika/index.m3u8|https://www.utrk.kg/img/stream/45.png
ذ£ذ¢ذ ذڑ ذ،ذ؟ذ¾ر€ر‚ (480p) [Not 24/7]|https://st2.mediabay.tv/KG_KTRK-Sport/index.m3u8|https://i.imgur.com/ORCu0w0.png
ذ¤ذµذ½ذ¸ذ؛رپ ذ؟ذ»رژرپ ذڑذ¸ذ½ذ¾|http://31.148.48.15/Feniks_plus_kino/index.m3u8|https://i.imgur.com/S9OPMLE.png
ذ¤رƒر‚ذ±ذ¾ذ»|http://31.148.48.15/Futbol_HD/index.m3u8|https://i.imgur.com/pEuaZVx.png
ذ¥ذ¾ر‡رƒ ذ²رپر‘ ذ·ذ½ذ°ر‚رŒ (576p)|https://void.greenhosting.ru/HochuVjeZnat_Mpeg4/index.m3u8|
ذ¥رƒذ·رƒر€ ذ¢ذ’ (1080p) [Not 24/7]|https://hls-mycdn08724960135.cdnvideo.ru/mycdn08724960135/stream1/playlist.m3u8|https://i.imgur.com/Abg1fct.png
ذ§ذµ! (540p) [Geo-blocked]|https://zabava-htlive.cdn.ngenix.net/hls/CH_PERETZ/variant.m3u8|https://i.imgur.com/ZOcDGpB.png
ذ¨ذ°ذ½رپذ¾ذ½ ذ¢ذ’ (576p) [Geo-blocked]|https://uiptv.do.am/1ufc/602079679/playlist.m3u8|https://i.imgur.com/Fk4sd8t.png
ذ¨ذ°رڈذ½ ذ¢ذ’ (ذ¢ذ°ر‚ذ°ر€رپر‚ذ°ذ½)|https://shayan.bonus-tv.ru/cdn/shayan/playlist.m3u8|https://i.imgur.com/CvFwczN.png
ذ©ر‘ذ»ذ؛ذ¾ذ²رپذ؛ذ¾ذµ ذ¢ذ’ (576p) [Not 24/7]|http://stream0.tv41.ru/live.m3u8|https://i.imgur.com/0us6l04.png
ذ­ذ»ذ¢ذ  (480p) [Not 24/7]|http://gohoski.fvds.ru:3000/mediabay/162/index.m3u8|https://i.ibb.co/r6czQwQ/365049798-774721644658455-5702658175909463406-n-2.png
ذ­ذ»ذ¢ذ  ذ‘ذ¸ذ»ذ¸ذ¼ ذکذ»ذ¸ذ¼ (480p) [Not 24/7]|http://gohoski.fvds.ru:3000/mediabay/611/index.m3u8|https://i.ibb.co/qswtSWm/428598841-309456895457301-6206911287895397651-n-1.png
ذ®|https://cdn-01.bonus-tv.ru/u/playlist.m3u8|https://i.imgur.com/KDZvt0Q.png
ذ®ذ²ذµذ»ذ¸ر€ذ¾ر‡ذ؛ذ° ذ¢ذ’ (576p)|https://live-uvelirochka.cdnvideo.ru/uvelirochka/uvelirochka_720p3/playlist.m3u8|https://i.imgur.com/IcWtXCZ.png
ذ®ذ³ر€ذ°|https://live-ugratv.cdnvideo.ru/ugratv/ugratv/playlist.m3u8|https://i.imgur.com/561FRwI.png
